Date,CPI,Repo_Rate,Crude_Oil,USD_INR,MoM_Inflation,YoY_Inflation,Crude_Oil_YoY_Change,USD_INR_YoY_Change
1957-01-01,1.471388,,,,,,,
1957-02-01,1.471388,,,,0.0,,,
1957-03-01,1.471388,,,,0.0,,,
1957-04-01,1.500524,,,,1.9801711037469527,,,
1957-05-01,1.51145,,,,0.7281456344583548,,,
1957-06-01,1.540586,,,,1.9276853352740764,,,
1957-07-01,1.540586,,,,0.0,,,
1957-08-01,1.5551549999999998,,,,0.9456791117146146,,,
1957-09-01,1.566081,,,,0.7025666251917251,,,
1957-10-01,1.5551549999999998,,,,-0.6976650633013337,,,
1957-11-01,1.566081,,,,0.7025666251917251,,,
1957-12-01,1.5551549999999998,,,,-0.6976650633013337,,,
1958-01-01,1.526018,,,,-1.8735753027833035,3.712820819525531,,
1958-02-01,1.51145,,,,-0.9546414262479264,2.722735267652032,,
1958-03-01,1.51145,,,,0.0,2.722735267652032,,
1958-04-01,1.526018,,,,0.9638426676370493,1.6990064804028648,,
1958-05-01,1.5551549999999998,,,,1.9093483825223467,2.8915941645439647,,
1958-06-01,1.595217,,,,2.5760776257029105,3.5461181654253604,,
1958-07-01,1.6352799999999998,,,,2.5114451513492897,6.146622129501367,,
1958-08-01,1.649848,,,,0.8908566117117545,6.088975053933532,,
1958-09-01,1.664416,,,,0.8829904330580618,6.279049423369543,,
1958-10-01,1.6899099999999998,,,,1.5317084190490826,8.665052679636442,,
1958-11-01,1.678984,,,,-0.646543307040004,7.209269507771299,,
1958-12-01,1.6352799999999998,,,,-2.6030027683408674,5.152219553677928,,
1959-01-01,1.609785,,,,-1.5590602221026262,5.4892537309520595,,
1959-02-01,1.624354,,,,0.9050276900331333,7.469912997452788,,
1959-03-01,1.609785,,,,-0.8969104025354113,6.506004168182877,,
1959-04-01,1.609785,,,,0.0,5.4892537309520595,,
1959-05-01,1.6352799999999998,,,,1.5837518674854056,5.152219553677928,,
1959-06-01,1.664416,,,,1.781713223423509,4.337905125133434,,
1959-07-01,1.704479,,,,2.4070304539249854,4.231630057237923,,
1959-08-01,1.7190470000000002,,,,0.8546893214876894,4.194265168670097,,
1959-09-01,1.704479,,,,-0.8474462885540768,2.4070304539249854,,
1959-10-01,1.733615,,,,1.7093786429753566,2.586232402909028,,
1959-11-01,1.733615,,,,0.0,3.253813020255092,,
1959-12-01,1.704479,,,,-1.6806499713027279,4.231630057237923,,
1960-01-01,1.678984,,,,-1.4957649815574126,4.298648577294495,,
1960-02-01,1.678984,,,,0.0,3.363183148500881,,
1960-03-01,1.664416,,,,-0.8676675894469632,3.393683007358117,,
1960-04-01,1.678984,,,,0.8752619537423456,4.298648577294495,,
1960-05-01,1.6899099999999998,,,,0.6507506920852002,3.340712293919079,,
1960-06-01,1.704479,,,,0.8621169174690024,2.4070304539249854,,
1960-07-01,1.733615,,,,1.7093786429753566,1.7093786429753566,,
1960-08-01,1.733615,,,,0.0,0.8474462885540435,,
1960-09-01,1.7190470000000002,,,,-0.8403249856513528,0.8546893214876894,,
1960-10-01,1.7190470000000002,,,,0.0,-0.8403249856513528,,
1960-11-01,1.704479,,,,-0.8474462885540768,-1.6806499713027279,,
1960-12-01,1.704479,,,,0.0,0.0,,
1961-01-01,1.6899099999999998,,,,-0.8547479904416733,0.6507506920852002,,
1961-02-01,1.6899099999999998,,,,0.0,0.6507506920852002,,
1961-03-01,1.704479,,,,0.8621169174690024,2.4070304539249854,,
1961-04-01,1.704479,,,,0.0,1.51847784136121,,
1961-05-01,1.704479,,,,0.0,0.8621169174690024,,
1961-06-01,1.7190470000000002,,,,0.8546893214876894,0.8546893214876894,,
1961-07-01,1.7481830000000005,,,,1.6948925771081536,0.8403249856514083,,
1961-08-01,1.759109,,,,0.6249917771766089,1.470568724889909,,
1961-09-01,1.759109,,,,0.0,2.3304772935236695,,
1961-10-01,1.759109,,,,0.0,2.3304772935236695,,
1961-11-01,1.759109,,,,0.0,3.2050849555788075,,
1961-12-01,1.759109,,,,0.0,3.2050849555788075,,
1962-01-01,1.7481830000000005,,,,-0.6211098914279622,3.448290145629107,,
1962-02-01,1.7481830000000005,,,,0.0,3.448290145629107,,
1962-03-01,1.7481830000000005,,,,0.0,2.564067964463068,,
1962-04-01,1.759109,,,,0.6249917771766089,3.2050849555788075,,
1962-05-01,1.773678,,,,0.8282033688645773,4.0598329460204585,,
1962-06-01,1.788246,,,,0.8213441222138407,4.025428042397894,,
1962-07-01,1.81374,,,,1.4256427806912386,3.7500078653092572,,
1962-08-01,1.8283080000000005,,,,0.8032022230308966,3.933752826004544,,
1962-09-01,1.8283080000000005,,,,0.0,3.933752826004544,,
1962-10-01,1.842876,,,,0.7968022893297677,4.761899347908516,,
1962-11-01,1.8283080000000005,,,,-0.7905035390335269,3.933752826004544,,
1962-12-01,1.802814,,,,-1.3944040063271879,2.4844964126725433,,
1963-01-01,1.788246,,,,-0.8080700504877303,2.29169371856377,,
1963-02-01,1.773678,,,,-0.8146530175378475,1.4583713489949135,,
1963-03-01,1.788246,,,,0.8213441222138407,2.29169371856377,,
1963-04-01,1.802814,,,,0.8146530175378475,2.4844964126725433,,
1963-05-01,1.81374,,,,0.6060525378658088,2.258696336088062,,
1963-06-01,1.842876,,,,1.6064044460617266,3.0549488157669558,,
1963-07-01,1.857445,,,,0.7905578020442006,2.4096618037866557,,
1963-08-01,1.872013,,,,0.7843031691382452,2.3904615633689508,,
1963-09-01,1.882939,,,,0.583649793030272,2.988063280366293,,
1963-10-01,1.897507,,,,0.7736841182853116,2.96444253438648,,
1963-11-01,1.897507,,,,0.0,3.7848655696961053,,
1963-12-01,1.926644,,,,1.5355411073582292,6.8687063668243065,,
1964-01-01,1.926644,,,,0.0,7.739315508045319,,
1964-02-01,1.952138,,,,1.3232335605332324,10.061578257158278,,
1964-03-01,1.966706,,,,0.7462587173652668,9.979611306274428,,
1964-04-01,1.981274,,,,0.7407309480929047,9.898969056153328,,
1964-05-01,2.021337,,,,2.0220827608902203,11.445797082272001,,
1964-06-01,2.061399,,,,1.9819555076664663,11.857715874535257,,
1964-07-01,2.119672,,,,2.826866608550782,14.117618556673284,,
1964-08-01,2.145166,,,,1.2027332530693435,14.591405081054475,,
1964-09-01,2.185229,,,,1.867594395958161,16.054157888279974,,
1964-10-01,2.243502,,,,2.6666770393400263,18.234188332375044,,
1964-11-01,2.243502,,,,0.0,18.234188332375044,,
1964-12-01,2.254428,,,,0.48700647469892555,17.0132105360409,,
1965-01-01,2.268996,,,,0.6461949549952495,17.769343999202757,,
1965-02-01,2.228934,,,,-1.765626735349024,14.179120533486888,,
1965-03-01,2.185229,,,,-1.960802787341398,11.111116760715634,,
1965-04-01,2.199797,,,,0.6666578193864181,11.029418444899575,,
1965-05-01,2.2143650000000004,,,,0.6622429251426754,9.549520935895428,,
1965-06-01,2.243502,,,,1.3158174013768953,8.83395208787816,,
1965-07-01,2.309059,,,,2.9220834213653513,8.934731411274942,,
1965-08-01,2.338195,,,,1.261812712451249,8.998324605182063,,
1965-09-01,2.367332,,,,1.2461321660511837,8.333360027713343,,
1965-10-01,2.367332,,,,0.0,5.5194958595981,,
1965-11-01,2.378258,,,,0.46153222277229844,6.006502334297026,,
1965-12-01,2.378258,,,,0.0,5.492745831758672,,
1966-01-01,2.378258,,,,0.0,4.815433786573453,,
1966-02-01,2.392826,,,,0.6125491851598719,7.352931939662621,,
1966-03-01,2.392826,,,,0.0,9.500011211639592,,
1966-04-01,2.407394,,,,0.6088198640436193,9.43709805950277,,
1966-05-01,2.487519,,,,3.3282877667718536,12.335545404664504,,
1966-06-01,2.545792,,,,2.3426152724863814,13.474024092690806,,
1966-07-01,2.585854,,,,1.5736556639348365,11.987350691342225,,
1966-08-01,2.611349,,,,0.9859412016301139,11.68225917855441,,
1966-09-01,2.625917,,,,0.5578725785025274,10.923055997215414,,
1966-10-01,2.640485,,,,0.5547776262539994,11.53843229424516,,
1966-11-01,2.669621,,,,1.1034336494999852,12.25110984594604,,
1966-12-01,2.709684,,,,1.500699912084924,13.935662152718509,,
1967-01-01,2.709684,,,,0.0,13.935662152718509,,
1967-02-01,2.724252,,,,0.5376272657623415,13.850819073346754,,
1967-03-01,2.749747,,,,0.9358532176905854,14.916295627011756,,
1967-04-01,2.778883,,,,1.0595883912228876,15.431167478194263,,
1967-05-01,2.833513,,,,1.9658978085799195,13.909200291535463,,
1967-06-01,2.9027130000000003,,,,2.4421980770866547,14.020037772135364,,
1967-07-01,2.928207,,,,0.8782818005086845,13.239455901222573,,
1967-08-01,2.957343,,,,0.9950116231536743,13.24962691696896,,
1967-09-01,2.942775,,,,-0.492604341126468,12.06656569876352,,
1967-10-01,2.982838,,,,1.3614020779706193,12.965534740776796,,
1967-11-01,2.971911,,,,-0.3663289793143343,11.323330165592793,,
1967-12-01,2.942775,,,,-0.9803792913044784,8.602146966214509,,
1968-01-01,3.026542,6.0,,,2.8465309104501735,11.693540649020328,,
1968-02-01,2.982838,6.0,,,-1.4440242362405709,9.49200000587318,,
1968-03-01,2.928207,5.0,,,-1.8315107960941934,6.4900516302045075,,
1968-04-01,2.942775,5.0,,,0.49750581157685936,5.897765397103805,,
1968-05-01,2.917281,5.0,,,-0.8663251522797455,2.9563301809449882,,
1968-06-01,2.942775,5.0,,,0.8738959325481632,1.3801571150850789,,
1968-07-01,2.928207,5.0,,,-0.4950429441598514,0.0,,
1968-08-01,2.993764,5.0,,,2.2388103026869333,1.2315446669527441,,
1968-09-01,3.0119740000000004,5.0,,,0.608264378888923,2.351487966290322,,
1968-10-01,3.026542,5.0,,,0.4836695137474534,1.4651818167798591,,
1968-11-01,2.960985,5.0,,,-2.1660693953693744,-0.36764223423918496,,
1968-12-01,2.877218,5.0,,,-2.829024800868629,-2.227727230250365,,
1969-01-01,2.859008,5.0,,,-0.6329030334162988,-5.5354923209392055,,
1969-02-01,2.84444,5.0,,,-0.5095473674785134,-4.639809470041623,,
1969-03-01,2.859008,5.0,,,0.5121570502453876,-2.363186755581137,,
1969-04-01,2.877218,5.0,,,0.6369342093481389,-2.227727230250365,,
1969-05-01,2.909997,5.0,,,1.139260215944704,-0.2496845521566038,,
1969-06-01,2.993764,5.0,,,2.8785940329148163,1.7326842860905023,,
1969-07-01,3.0119740000000004,5.0,,,0.608264378888923,2.8606925671579964,,
1969-08-01,3.0119740000000004,5.0,,,0.0,0.608264378888923,,
1969-09-01,3.0119740000000004,5.0,,,0.0,0.0,,
1969-10-01,2.993764,5.0,,,-0.6045868921843334,-1.0830181771804281,,
1969-11-01,2.979196,5.0,,,-0.486611503111134,0.6150318221807893,,
1969-12-01,2.979196,5.0,,,0.0,3.544326498722028,,
1970-01-01,2.979196,5.0,,,0.0,4.203835736031514,,
1970-02-01,2.979196,5.0,,,0.0,4.737523027379731,,
1970-03-01,3.0119740000000004,5.0,,,1.1002297264094185,5.350317312858177,,
1970-04-01,3.044752,5.0,,,1.0882564059317756,5.82277741902073,,
1970-05-01,3.077531,5.0,,,1.076573724231067,5.75718806582961,,
1970-06-01,3.113951,5.0,,,1.1834161865469373,4.014578303433414,,
1970-07-01,3.12852,5.0,,,0.46786221106240866,3.8694225116152836,,
1970-08-01,3.14673,5.0,,,0.5820643627018507,4.474009403799606,,
1970-09-01,3.161298,5.0,,,0.4629567837088011,4.9576789175470815,,
1970-10-01,3.179508,5.0,,,0.5760292133168088,6.204363470200036,,
1970-11-01,3.179508,5.0,,,0.0,6.723693238041406,,
1970-12-01,3.12852,5.0,,,-1.6036443374257803,5.012224774737883,,
1971-01-01,3.095741,6.0,,,-1.0477478168590904,3.9119614822254123,,
1971-02-01,3.095741,6.0,,,0.0,3.9119614822254123,,
1971-03-01,3.095741,6.0,,,0.0,2.781132904865702,,
1971-04-01,3.095741,6.0,,,0.0,1.674651991360876,,
1971-05-01,3.095741,6.0,,,0.0,0.5917080932734686,,
1971-06-01,3.14673,6.0,,,1.6470693123229685,1.0526498329614054,,
1971-07-01,3.197718,6.0,,,1.620348742980826,2.2118445782670415,,
1971-08-01,3.263275,6.0,,,2.050118240570309,3.7036860486918233,,
1971-09-01,3.2960540000000003,6.0,,,1.0044816940037338,4.262679443696871,,
1971-10-01,3.2960540000000003,6.0,,,0.0,3.6655356740728617,,
1971-11-01,3.314264,6.0,,,0.5524788125437219,4.238265794582063,,
1971-12-01,3.281486,6.0,,,-0.9889978589514903,4.889404574687073,,
1972-01-01,3.263275,6.0,,,-0.5549619897814551,5.411757637347581,,
1972-02-01,3.2450650000000003,6.0,,,-0.5580283610789771,4.823530133819354,,
1972-03-01,3.263275,6.0,,,0.5611597918685707,5.411757637347581,,
1972-04-01,3.281486,6.0,,,0.5580590051405432,6.000017443319727,,
1972-05-01,3.2960540000000003,6.0,,,0.4439452126262289,6.4705994461423,,
1972-06-01,3.379821,6.0,,,2.541432877009897,7.407403876405039,,
1972-07-01,3.4490199999999995,6.0,,,2.0474161205578545,7.858791800903009,,
1972-08-01,3.4817980000000004,6.0,,,0.9503569129782008,6.696432265132435,,
1972-09-01,3.500008,6.0,,,0.5230056424869955,6.187823379107238,,
1972-10-01,3.514577,6.0,,,0.4162561914144325,6.629836768450992,,
1972-11-01,3.5327870000000003,6.0,,,0.5181277860749844,6.593409577511022,,
1972-12-01,3.5327870000000003,6.0,,,0.0,7.658146339798511,,
1973-01-01,3.5327870000000003,6.0,,8.0041,0.0,8.258942320215134,,
1973-02-01,3.5837760000000003,6.0,,7.7538,1.4433080737672466,10.437726208874087,,
1973-03-01,3.634764,6.0,,7.5465,1.4227451715732142,11.383931786318957,,
1973-04-01,3.718531,6.0,,7.5462,2.3046062963097524,13.318508748780268,,
1973-05-01,3.835077,7.0,,7.4927,3.1341946591274983,16.353585226455625,,
1973-06-01,3.918844,7.0,,7.2719,2.1842325460479595,15.948270633267247,,
1973-07-01,4.086378,7.0,,7.351,4.27508724511616,18.479394146743154,,
1973-08-01,4.155577,7.0,,7.5643,1.6934067284035015,19.351467259157463,,
1973-09-01,4.173788,7.0,,7.7,0.43823035886472184,19.250813140998545,,
1973-10-01,4.272123000000001,7.0,,7.7271,2.356013290564851,21.554400429980625,,
1973-11-01,4.3558900000000005,7.0,,7.834,1.9607815598942313,23.29897047288727,,
1973-12-01,4.3741,7.0,,8.11,0.4180546340701863,23.814427532710013,,
1974-01-01,4.439657,7.0,,8.4377,1.4987540294003399,25.670101254335464,,5.417223672867655
1974-02-01,4.490645,7.0,,8.2444,1.148467100048478,25.304846061807428,,6.327220201707551
1974-03-01,4.625401,7.0,,8.0567,3.00081614111114,27.254506757522634,,6.7607500165639545
1974-04-01,4.760157,7.0,,7.8655,2.913390644400349,28.01176055813439,,4.231268718030279
1974-05-01,4.945901,7.0,,7.7855,3.9020561716766933,28.964842166141636,,3.907803595499626
1974-06-01,5.062447,7.0,,7.849,2.3564159492881043,29.182151675340997,,7.936027723153516
1974-07-01,5.233624,9.0,,7.8345,3.381309473462135,28.07488685579258,,6.577336416814039
1974-08-01,5.401158000000001,9.0,,7.9841,3.201108830133781,29.973719654334417,,5.549753447113415
1974-09-01,5.619680000000001,9.0,,8.121,4.045836096629651,34.64220032258467,,5.4675324675324655
1974-10-01,5.634249,9.0,,8.0505,0.2592496369899777,31.88405390013347,,4.185270023682874
1974-11-01,5.568692,9.0,,8.0644,-1.1635446001765137,27.842805947808593,,2.941026295634397
1974-12-01,5.484925,9.0,,8.0952,-1.504249112718048,25.395509933472017,,-0.18249075215781563
1975-01-01,5.484925,9.0,,8.13,0.0,23.543890890670127,,-3.646728373845942
1975-02-01,5.466714,9.0,,7.9717,-0.3320191251475646,21.735608136470375,,-3.3076997719664325
1975-03-01,5.401158000000001,9.0,,7.75,-1.199184738766268,16.7716701751913,,-3.8067695210197594
1975-04-01,5.433936,9.0,,7.8841,0.6068698601299882,14.154554146008191,,0.2364757485220359
1975-05-01,5.499493,9.0,,8.07,1.2064367338886495,11.192945430974044,,3.654229015477495
1975-06-01,5.517703,9.0,,8.1914,0.33112143246658565,8.992805258010605,,4.362339151484251
1975-07-01,5.452147,9.0,,8.4895,-1.1881030928993397,4.175366820390614,,8.36045695321972
1975-08-01,5.401158000000001,9.0,,8.7895,-0.9352095605639321,0.0,,10.087549003644746
1975-09-01,5.368379,9.0,,8.8648,-0.6068883746781828,-4.471802664920432,,9.158970570126822
1975-10-01,5.3173900000000005,9.0,,8.8945,-0.9498025381590836,-5.62380185895226,,10.483820880690665
1975-11-01,5.299181,9.0,,8.8994,-0.3424424388656977,-4.839754111019257,,10.354149099747056
1975-12-01,5.146214,9.0,,8.9827,-2.886615875170151,-6.175307775402583,,10.963286886055922
1976-01-01,5.0151,9.0,,8.9471,-2.547775898942395,-8.565750671157756,,10.050430504305051
1976-02-01,4.880344999999999,9.0,,8.9389,-2.6869853043807956,-10.726169322192458,,12.132920205225982
1976-03-01,4.811146,9.0,,8.9648,-1.4179120533486689,-10.923805598725323,,15.67483870967743
1976-04-01,4.862133999999999,9.0,,8.9918,1.0597890814371347,-10.522795999069567,,14.049796425717576
1976-05-01,4.880344999999999,9.0,,9.0265,0.3745474723650055,-11.258274171819128,,11.85254027261462
1976-06-01,4.894913,9.0,,9.1109,0.2985034869461112,-11.287124370412837,,11.225187391654678
1976-07-01,4.9968900000000005,9.0,,8.9233,2.083326097930671,-8.350049989481201,,5.109841568996987
1976-08-01,5.0151,9.0,,8.9755,0.36442667339084966,-7.147689439931215,,2.1161613288583014
1976-09-01,5.080657,9.0,,9.0614,1.3071922793164603,-5.359569434274292,,2.217760129952162
1976-10-01,5.113436,9.0,,8.896,0.6451724648997015,-3.8356035573843594,,0.016864354376311397
1976-11-01,5.146214,9.0,,8.9658,0.6410171164751066,-2.886615875170151,,0.7461177158010646
1976-12-01,5.146214,9.0,,8.8535,0.0,0.0,,-1.4383203268504952
1977-01-01,5.164424,9.0,,8.9052,0.3538523660306492,2.977487986281435,,-0.4683081668920619
1977-02-01,5.215413,9.0,,8.8626,0.9873124282591794,6.865662161179187,,-0.8535725872310884
1977-03-01,5.248192,9.0,,8.8417,0.628502479094184,9.08403112273044,,-1.3731483134035383
1977-04-01,5.266402,9.0,,8.8429,0.3469766350011616,8.314620699470666,,-1.6559532018060819
1977-05-01,5.350169,9.0,,8.8338,1.5905925905390417,9.626860396140046,,-2.134825236802751
1977-06-01,5.382947,9.0,,8.8605,0.612653544215136,9.970228275763017,,-2.748356364354798
1977-07-01,5.466714,9.0,,8.8163,1.5561550206606212,9.402328248170333,,-1.199107953335643
1977-08-01,5.499493,9.0,,8.7213,0.5996106619077013,9.658690753923139,,-2.8321541975377507
1977-09-01,5.568692,9.0,,8.73,1.2582796268674201,9.60574587105565,,-3.6572715032997194
1977-10-01,5.550482,9.0,,8.615,-0.3270067728651682,8.547012224265638,,-3.1587230215827433
1977-11-01,5.550482,9.0,,8.6405,0.0,7.855639116445601,,-3.6282317249994422
1977-12-01,5.550482,9.0,,8.5371,0.0,7.855639116445601,,-3.573727904218671
1978-01-01,5.466714,9.0,,8.201,-1.5092022638754643,5.853314909852458,,-7.907739298387462
1978-02-01,5.382947,9.0,,8.1094,-1.532309903170348,3.2122863520108513,,-8.498634712161213
1978-03-01,5.401158000000001,9.0,,8.2078,0.3383091083750456,2.9146418423716236,,-7.169435741995301
1978-04-01,5.415726,9.0,,8.465,0.26971993783555526,2.835408311025245,,-4.273484942722416
1978-05-01,5.433936,9.0,,8.5827,0.3362430078626577,1.5656888595481755,,-2.8424913400801333
1978-06-01,5.499493,9.0,,8.4041,1.2064367338886495,2.1650965539879996,,-5.150950849274871
1978-07-01,5.550482,9.0,,8.1665,0.9271581944008123,1.5323281956948875,,-7.370438846228023
1978-08-01,5.568692,9.0,,8.0139,0.3280796154280008,1.2582796268674201,,-8.111176086133941
1978-09-01,5.652459,9.0,,8.0365,1.5042491127180257,1.5042491127180257,,-7.94387170675831
1978-10-01,5.721658000000001,9.0,,7.911,1.2242282518104108,3.0839844179298526,,-8.171793383633208
1978-11-01,5.721658000000001,9.0,,8.0335,0.0,3.0839844179298526,,-7.025056420346032
1978-12-01,5.634249,9.0,,8.216,-1.5276865551908325,1.509184247422124,,-3.761230394396242
1979-01-01,5.586902,9.0,,8.2091,-0.8403426969592509,2.1985419394539463,,0.09876844287279862
1979-02-01,5.535913,9.0,,8.25,-0.9126524861184371,2.8416776163688873,,1.7337904160603657
1979-03-01,5.586902,9.0,,8.2418,0.9210585498724555,3.438966236499641,,0.414240113063169
1979-04-01,5.670669,9.0,,8.2062,1.4993461492612603,4.707457504312429,,-3.0572947430596464
1979-05-01,5.703448000000001,9.0,,8.2891,0.5780446716251664,4.959793416779301,,-3.420834935393302
1979-06-01,5.805425,9.0,,8.119,1.7879885991771705,5.562912799416231,,-3.392391808760009
1979-07-01,5.940181,9.0,,7.9067,2.3212081802796547,7.020993852425783,,-3.1812894140696657
1979-08-01,6.056726,9.0,,8.0113,1.961977252881697,8.763889258016055,,-0.032443629194267576
1979-09-01,6.107715,9.0,,8.1358,0.8418574655680189,8.054122993196412,,1.2356125178871302
1979-10-01,6.140493,9.0,,8.2259,0.5366655123888453,7.3201683847583965,,3.9805334344583443
1979-11-01,6.191482,9.0,,8.1926,0.830373066136536,8.211326157557819,,1.9804568369950815
1979-12-01,6.293459,9.0,,8.0995,1.6470531611010308,11.700050885220037,,-1.4179649464459376
1980-01-01,6.242471,9.0,,7.9882,-0.8101745002231708,11.734034353922794,,-2.6909161783873925
1980-02-01,6.20605,9.0,,7.9816,-0.5834388337566887,12.105266105157364,,-3.2533333333333303
1980-03-01,6.275249,9.0,,8.1519,1.11502485477879,12.320728017065608,,-1.0907811400422296
1980-04-01,6.308028,9.0,,8.07,0.5223537743283213,11.23957332018497,,-1.6597206989837021
1980-05-01,6.428216,9.0,,7.8586,1.9053181120946228,12.707541122492906,,-5.193567456056747
1980-06-01,6.493772,9.0,,7.8424,1.01981638451476,11.856961376643405,,-3.4068235004310887
1980-07-01,6.628528,9.0,,7.7664,2.075157550958062,11.58798023157881,,-1.7744444584972263
1980-08-01,6.679517,9.0,,7.7824,0.769235643268007,10.282634545462344,,-2.857214184963741
1980-09-01,6.763284,9.0,,7.7495,1.254087683286076,10.733457602393038,,-4.7481501511836495
1980-10-01,6.828841000000001,9.0,,7.7323,0.9693072182094031,11.209979394162662,,-6.000559209326628
1980-11-01,6.9126080000000005,9.0,,7.7712,1.2266649640839455,11.647066082078595,,-5.143666235383149
1980-12-01,6.865261,9.0,,7.9314,-0.6849368574060599,9.085655440037034,,-2.0754367553552755
1981-01-01,6.9126080000000005,9.0,,7.9576,0.6896605970261094,10.735123959726845,,-0.3830650209058373
1981-02-01,7.032795,9.0,,8.2211,1.7386636129229416,13.321597473433178,,3.000651498446416
1981-03-01,7.065574000000001,9.0,,8.2432,0.4660878071947261,12.594320958419347,,1.1199842981390873
1981-04-01,7.182119,9.0,,8.2918,1.6494767445645486,13.856802791617273,,2.7484510532837625
1981-05-01,7.284097,9.0,,8.4045,1.4198873619331476,13.314440585070564,,6.946529916270072
1981-06-01,7.386074000000002,9.0,,8.5564,1.3999950851835363,13.740888962532116,,9.104355809446085
1981-07-01,7.52083,10.0,,8.9065,1.824460464382005,13.461540782508564,,14.679903172641119
1981-08-01,7.637374999999999,10.0,,9.0605,1.549629495680649,14.340228492569128,,16.422954358552634
1981-09-01,7.670153999999998,10.0,,9.1152,0.4291919671353117,13.408722744749424,,17.623072456287492
1981-10-01,7.739352999999999,10.0,,9.1348,0.9021852755498827,13.333331380830193,,18.13819950079536
1981-11-01,7.772131,10.0,,9.135,0.4235237751786469,12.434134844620148,,17.549413218035824
1981-12-01,7.739352999999999,10.0,,9.1305,-0.42173761610556637,12.732101518063166,,15.118390195930086
1982-01-01,7.721141999999999,10.0,,9.1525,-0.23530390718707883,11.696511649438213,,15.01583391977479
1982-02-01,7.706574000000002,10.0,,9.2144,-0.18867675273939177,9.58052950498345,,12.082324749729345
1982-03-01,7.688364,10.0,,9.2935,-0.23629176856021505,8.814428948023178,,12.741411102484479
1982-04-01,7.721141999999999,10.0,,9.3923,0.42633257218309684,7.505069186405833,,13.27214838756361
1982-05-01,7.772131,10.0,,9.2965,0.6603815860400042,6.699993149459704,,10.61336188946398
1982-06-01,7.9068869999999984,10.0,,9.4668,1.7338359325132169,7.0512832663197855,,10.639988780328169
1982-07-01,8.041643,10.0,,9.5633,1.70428640247422,6.924940465347573,,7.37438949082132
1982-08-01,8.209177,10.0,,9.5741,2.0833304835840227,7.486891765822712,,5.668561337674527
1982-09-01,8.227387,10.0,,9.6495,0.2218249161883179,7.264951916219697,,5.861637704054767
1982-10-01,8.260165,10.0,,9.7005,0.39840109624114106,6.729399731476282,,6.192801156018746
1982-11-01,8.343933,10.0,,9.7968,1.0141201779867437,7.357081346158467,,7.244663382594418
1982-12-01,8.362142999999998,10.0,,9.6926,0.21824240439127784,8.047055096207645,,6.156289359837919
1983-01-01,8.325723,10.0,,9.7938,-0.43553428827990404,7.830201801754222,,7.006828735318216
1983-02-01,8.413132000000001,10.0,,9.9184,1.0498667803384931,9.16825037948119,,7.6402153151588825
1983-03-01,8.445910000000001,10.0,,9.9652,0.38960520291373424,9.853149512692184,,7.227632216064994
1983-04-01,8.547888,10.0,,9.9824,1.2074246587993276,10.707561135386467,,6.282806128424334
1983-05-01,8.76641,10.0,,9.9895,2.5564443521019387,12.79287495282826,,7.45441832947884
1983-06-01,8.966722,10.0,,10.0491,2.2849946557370826,13.403947723041988,,6.150969704652054
1983-07-01,9.101479,10.0,,10.0875,1.5028568968681988,13.179346558905912,,5.481371493103859
1983-08-01,9.236235,10.0,,10.1874,1.4805945275487842,12.511095813867822,,6.405824046124442
1983-09-01,9.320002,10.0,,10.2005,0.906938812189173,13.280218859280591,,5.710140421783505
1983-10-01,9.385558,10.0,,10.229,0.7033904069977615,13.624340433877524,,5.448172774599236
1983-11-01,9.436547,10.0,,10.3784,0.5432708422876908,13.094712050060785,,5.936632369753392
1983-12-01,9.403769,10.0,,10.4895,-0.3473516319051684,12.456448066004167,,8.221736169861526
1984-01-01,9.472968,10.0,,10.7152,0.7358645241072992,13.779524012509192,,9.407992811778886
1984-02-01,9.436547,10.0,,10.7437,-0.38447295504430157,12.164494744644427,,8.320898532021292
1984-03-01,9.385558,10.0,,10.7145,-0.5403353578379844,11.12547967004145,,7.519166700116409
1984-04-01,9.403769,10.0,,10.82,0.1940321502461595,10.012777425254061,,8.39076775124219
1984-05-01,9.454758,10.0,,11.0168,0.5422187635617082,7.852108217617015,,10.283797987887278
1984-06-01,9.65507,10.0,,11.0638,2.1186369867954413,7.676696121503479,,10.097421659651129
1984-07-01,9.840815,10.0,,11.3714,1.9238079061052682,8.12325117708892,,12.727633209417588
1984-08-01,9.859025,10.0,,11.5561,0.18504564916625998,6.742899027579963,,13.43522390403833
1984-09-01,9.910013,10.0,,11.8584,0.5171708155725208,6.330588770259915,,16.253124846821223
1984-10-01,9.961002,10.0,,12.0268,0.5145200112250281,6.131164497624986,,17.57552057874672
1984-11-01,10.00835,10.0,,12.0784,0.4753337063881702,6.059451619326439,,16.38017420797042
1984-12-01,9.891803,10.0,,12.2925,-1.1644976444668775,5.189770186826137,,17.188617188617194
1985-01-01,9.891803,10.0,,12.6119,0.0,4.4213703667108195,,17.701022846050485
1985-02-01,9.840815,10.0,,12.9217,-0.5154570910884559,4.284067042743489,,20.27234565373195
1985-03-01,9.859025,10.0,,12.8614,0.18504564916625998,5.044633467717108,,20.03733258668161
1985-04-01,9.99378,10.0,,12.4005,1.3668187270039267,6.2741970799155,,14.607208872458411
1985-05-01,10.09212,10.0,,12.5005,0.9840120554985177,6.741177299302636,,13.467613099992736
1985-06-01,10.19409,10.0,,12.4405,1.0103922664415288,5.582766360057456,,12.443283501147873
1985-07-01,10.34706,10.0,,12.0314,1.5005753333549254,5.144340179141693,,5.804034683504233
1985-08-01,10.39805,10.0,,11.8977,0.4927969877433602,5.46732562296981,,2.956014572390342
1985-09-01,10.41262,10.0,,12.1255,0.14012242680119247,5.071708785851259,,2.2524117924846543
1985-10-01,10.51459,10.0,,12.0332,0.9792924355253474,5.557553346540844,,0.053214487644259734
1985-11-01,10.59836,10.0,,12.1011,0.7967024867350903,5.8951775267651385,,0.18793879984104755
1985-12-01,10.59836,10.0,,12.1524,0.0,7.142853532364124,,-1.139719341061629
1986-01-01,10.58015,10.0,,12.2433,-0.17181903615276495,6.9587617141182445,,-2.9226365575369395
1986-02-01,10.64935,10.0,,12.37,0.6540549992202438,8.216138602341383,,-4.26956205452843
1986-03-01,10.73312,10.0,,12.289,0.7866207796719982,8.86593755467704,,-4.450526381264874
1986-04-01,10.81688,10.0,,12.3932,0.7803881816284441,8.236122868424168,,-0.05886859400829891
1986-05-01,10.95164,10.0,,12.4657,1.245830590706376,8.516743756514987,,-0.27838886444542243
1986-06-01,11.06818,10.0,,12.5986,1.06413286046656,8.574477957326266,,1.270849242393779
1986-07-01,11.23936,10.0,,12.5077,1.5465957366070926,8.62370567098285,,3.9588077862925397
1986-08-01,11.30492,10.0,,12.5667,0.5833072345756252,8.721539134741608,,5.622935525353645
1986-09-01,11.37412,10.0,,12.6757,0.6121228633196862,9.233987219354955,,4.5375448435116095
1986-10-01,11.52344,10.0,,12.8486,1.3128048587495167,9.594763086340041,,6.7762523684472775
1986-11-01,11.63999,10.0,,13.0761,1.011416729726533,9.828218705535562,,8.057118774326288
1986-12-01,11.57443,10.0,,13.1486,-0.5632307244250123,9.20963243369728,,8.197557684078859
1987-01-01,11.57443,10.0,,13.0295,0.0,9.397598332726842,,6.42147133534261
1987-02-01,11.54165,10.0,,13.0621,-0.28321049071098336,8.3789151450558,,5.594987873888435
1987-03-01,11.54165,10.0,,12.9236,0.0,7.533037923735142,,5.163967776059897
1987-04-01,11.62542,10.0,,12.8145,0.7258061022470841,7.474798648038994,,3.3994448568569924
1987-05-01,11.82573,10.0,,12.666,1.723034522623701,7.981361695599931,,1.6068090841268479
1987-06-01,12.02969,10.0,,12.8368,1.7247138231635706,8.687155431154903,,1.8906862667280588
1987-07-01,12.17901,10.0,,13.0126,1.241262243665453,8.360351479087779,,4.036713384555113
1987-08-01,12.38296,10.0,,13.0852,1.6746024512665603,9.536025022733474,,4.12598375070623
1987-09-01,12.53229,10.0,,12.9933,1.2059313766659807,10.182502030926344,,2.5055815457923236
1987-10-01,12.61606,10.0,,13.0429,0.6684333030914535,9.48171726498337,,1.512227013059797
1987-11-01,12.69982,10.0,,12.9721,0.6639156757339615,9.105076550753054,,-0.7953441775452985
1987-12-01,12.65248,10.0,,12.9345,-0.3727611887412552,9.31406557385548,,-1.6283102383523707
1988-01-01,12.66704,10.0,,13.0395,0.11507625382534137,9.439860105422039,,0.07674891592155397
1988-02-01,12.60149,10.0,,13.065,-0.5174847478179645,9.182742502155229,,0.022201636796537194
1988-03-01,12.66704,10.0,,12.9791,0.5201765822930415,9.75068556055676,,0.4294469033396364
1988-04-01,12.83458,10.0,,13.1576,1.322645227298569,10.401000566001063,,2.6774357173514396
1988-05-01,12.96933,10.0,,13.3157,1.0498980099076016,9.670438949646233,,5.129480498973615
1988-06-01,13.155079999999998,10.0,,13.7859,1.4322251033785038,9.35510391373342,,7.393587186837847
1988-07-01,13.3736,10.0,,14.0795,1.6611073440830681,9.808596922081513,,8.19897637674254
1988-08-01,13.45737,10.0,,14.217,0.6263833223664417,8.676519991988974,,8.649466572922071
1988-09-01,13.55935,10.0,,14.4895,0.7578003725839499,8.195309875529544,,11.51516550837739
1988-10-01,13.84707,10.0,,14.72,2.121930623518087,9.75748371520111,,12.858336719594575
1988-11-01,13.92998,10.0,,14.966,0.5987548268334031,9.6864365006748,,15.370680152018569
1988-12-01,13.76415,10.0,,15.019,-1.1904539705010375,8.786182629808547,,16.115814295102247
1989-01-01,13.68123,10.0,,15.0925,-0.6024345854993007,8.00652717604111,,15.744468729629201
1989-02-01,13.68123,10.0,,15.2405,0.0,8.568351837758858,,16.651358591657118
1989-03-01,13.76415,10.0,,15.4674,0.6060858563155636,8.661139461152722,,19.171591250548946
1989-04-01,13.84707,10.0,,15.718,0.6024345854992896,7.888766130251246,,19.45947589225998
1989-05-01,14.0129,10.0,,16.1018,1.1975818711106312,8.046444958991717,,20.923421224569495
1989-06-01,14.09582,10.0,,16.4195,0.5917404677118876,7.151153774815522,,19.103576843006252
1989-07-01,14.26165,10.0,,16.416,1.176448053394541,6.640321229885737,,16.595049540111507
1989-08-01,14.42748,10.0,,16.6091,1.1627686838479478,7.208763673734175,,16.82563128648802
1989-09-01,14.59332,10.0,,16.745,1.149473088855446,7.625513022379393,,15.566444666827707
1989-10-01,14.59332,10.0,,16.819,0.0,5.389226746163622,,14.259510869565206
1989-11-01,14.59332,10.0,,16.9248,0.0,4.761959457228215,,13.088333556060427
1989-12-01,14.5104,10.0,,16.932,-0.5682051788078346,5.421693311973486,,12.737199547240152
1990-01-01,14.42748,10.0,,16.9633,-0.5714521998015365,5.454553428310183,,12.395560708961417
1990-02-01,14.5104,10.0,,16.9895,0.574736544427723,6.060639284625724,,11.476001443522188
1990-03-01,14.67623,10.0,,17.1164,1.1428354835152588,6.626489830465365,,10.661132446306421
1990-04-01,14.92498,10.0,,17.2943,1.6949175639793035,7.784390488384907,,10.028629596640792
1990-05-01,15.09082,10.0,,17.3245,1.1111572678824455,7.692340628991867,,7.593560968338942
1990-06-01,15.33957,10.0,,17.421,1.6483531047351896,8.82353775800202,,6.099454916410374
1990-07-01,15.67123,10.0,,17.4119,2.162120580954996,9.883709107992411,,6.0666423001949354
1990-08-01,15.75415,10.0,,17.3465,0.5291224747514978,9.1954381499749,,4.439734844151677
1990-09-01,15.83707,10.0,,17.8595,0.5263375047209973,8.522735059602615,,6.655718124813381
1990-10-01,16.16873,10.0,,18.0736,2.094200505522803,10.795418725827988,,7.459420893037638
1990-11-01,16.417479999999998,10.0,,18.0975,1.5384634414700393,12.499965737748475,,6.928885422575148
1990-12-01,16.5004,10.0,,18.1272,0.5050714238726162,13.71430146653434,,7.058823529411762
1991-01-01,16.74915,10.0,,18.339,1.5075392111706387,16.091999434412664,,8.109860699274307
1991-02-01,16.74915,10.0,,18.86,0.0,15.428589149851145,,11.009741310809606
1991-03-01,16.66623,10.0,,19.2429,-0.49506989906951127,13.559340511834428,,12.423757332149288
1991-04-01,16.74915,10.0,,19.9064,0.4975330353655272,12.222260934353013,,15.103820333867235
1991-05-01,16.91498,10.0,,20.5186,0.9900800936166965,12.087878591090462,,18.43689572570637
1991-06-01,17.32956,10.0,,21.062,2.4509635837583144,12.972919058356913,,20.900063142184734
1991-07-01,17.74415,11.0,,25.6127,2.392386188685691,13.227551379183389,,47.09882321860337
1991-08-01,17.9929,11.0,,25.8457,1.401870475621525,14.210541349422211,,48.99662756175598
1991-09-01,18.32456,11.0,,25.8335,1.843282628147791,15.706756363392982,,44.648506397155586
1991-10-01,18.4904,12.0,,25.7973,0.9050149089527837,14.359012736312637,,42.73470697592068
1991-11-01,18.65623,12.0,,25.8021,0.8968437675766827,13.63638024836944,,42.57273104019892
1991-12-01,18.65623,12.0,,25.818,0.0,13.065319628615079,,42.426850258175584
1992-01-01,18.90498,12.0,18.15652173913043,25.8629,1.3333347627039194,12.871280035106247,,41.02677354272317
1992-02-01,18.9879,12.0,18.11,25.9921,0.4386145872674829,13.366349934175759,,37.81601272534465
1992-03-01,18.9879,12.0,17.65909090909091,28.3777,0.0,13.930384976086385,,47.47101528355915
1992-04-01,19.15373,12.0,19.01590909090909,28.8962,0.8733456569710141,14.356430027792456,,45.16035044005946
1992-05-01,19.40248,12.0,19.98095238095238,28.5415,1.2987026547831793,14.7058997409397,,39.100620900061415
1992-06-01,19.56831,12.0,21.18863636363636,28.5186,0.8546845557887428,12.91867768137218,,35.40309562244799
1992-07-01,20.06581,12.0,20.32608695652174,28.5639,2.5423759128918144,13.084086868066368,,11.5224088050069
1992-08-01,20.06581,12.0,19.79285714285714,28.4635,0.0,11.520710947095791,,10.1285707100214
1992-09-01,20.14873,12.0,20.28863636363636,28.4757,0.41324023301327895,9.954781997494067,,10.227804981903343
1992-10-01,20.23164,12.0,20.31136363636364,28.4767,0.4114899549499951,9.416994764850939,,10.386358262298767
1992-11-01,20.23164,12.0,19.19619047619048,28.4737,0.0,8.444417762859914,,10.354195976296499
1992-12-01,20.14873,12.0,18.27260869565217,28.9786,-0.40980365407845554,8.000008576223605,,12.241846773568831
1993-01-01,19.98289,12.0,17.50714285714286,29.0432,-0.8230791717393604,5.70172515390126,-3.576559934318513,12.296764863955701
1993-02-01,19.98289,12.0,18.4455,30.0421,0.0,5.24012660694444,1.8525676421866422,15.5816575036261
1993-03-01,20.14873,12.0,18.84260869565217,31.9391,0.8299099879947258,6.1135249290337645,6.702031223770333,12.549995242743428
1993-04-01,20.31456,12.0,18.78272727272727,31.6095,0.8230295408196975,6.060594985937473,-1.2262459662961689,9.389815961960402
1993-05-01,20.39748,12.0,18.57809523809524,31.6125,0.4081801427153753,5.128210414338796,-7.020972354623433,10.759770859975838
1993-06-01,20.72914,12.0,17.63409090909091,31.6682,1.6259851707171702,5.932193429069765,-16.775715971253856,11.044020393707953
1993-07-01,20.97789,12.0,16.80863636363636,31.6,1.2000015437205747,4.545443219087586,-17.305104521147317,10.629150781230855
1993-08-01,21.22664,12.0,16.83681818181818,31.6123,1.185772258315776,5.785114082112819,-14.934877464650109,11.062588929681883
1993-09-01,21.47539,12.0,16.13954545454545,31.5776,1.1718764722066233,6.5843355883968835,-20.450319256189108,10.893147490667477
1993-10-01,21.72414,12.0,16.64238095238095,31.505,1.1583025966001026,7.377058903776468,-18.063694539021856,10.634308048334251
1993-11-01,21.97289,12.0,15.24,31.4335,1.1450395734883045,8.606568721072549,-20.609247866640224,10.39485560359208
1993-12-01,21.88997,12.0,13.5595652173913,31.44,-0.3773741187435897,8.641934255905959,-25.792942632117455,8.493854085428554
1994-01-01,21.80706,12.0,14.27380952380952,31.44,-0.3787579425645671,9.128659568260634,-18.468652250782025,8.252534156015878
1994-02-01,21.97289,12.0,13.7695,31.4489,0.760441801875178,9.958519513443754,-25.35035645550404,4.682761857526585
1994-03-01,22.13873,12.0,13.77,31.4147,0.7547482374872017,9.876553013514977,-26.920946974941153,-1.641874692774692
1994-04-01,22.30456,12.0,15.09380952380952,31.3914,0.7490492905419588,9.795929618953103,-19.63994735883804,-0.6899824419873801
1994-05-01,22.55331,12.0,16.42090909090909,31.3754,1.1152428023686767,10.569099712317387,-11.611449502975645,-0.7500197706603484
1994-06-01,22.96789,12.0,17.10545454545455,31.3845,1.8382224161331617,10.800013893485216,-2.997808996004636,-0.8958513587763117
1994-07-01,23.29956,12.0,18.1247619047619,31.3764,1.4440595109084908,11.067223634026124,7.830055411114922,-0.7075949367088663
1994-08-01,23.54831,12.0,16.91260869565217,31.3727,1.0676167275261994,10.937529444132466,0.45014748639284896,-0.7579328299427868
1994-09-01,23.87997,12.0,16.03863636363636,31.3723,1.4084237892230789,11.196909578824865,-0.6252288281183849,-0.6501444061613348
1994-10-01,23.96289,12.0,16.55095238095238,31.3726,0.34723661713143006,10.305356161394673,-0.5493719419725762,-0.42025075384859445
1994-11-01,24.12872,12.0,17.41409090909091,31.394,0.692028382219334,9.811317491690907,14.265688379861597,-0.12566211207788447
1994-12-01,23.96289,12.0,16.04136363636364,31.3894,-0.6872722630955952,9.469725175502752,18.30293508075924,-0.16094147582698115
1995-01-01,23.96289,12.0,16.65409090909091,31.3736,0.0,9.885926851212412,16.675866252179894,-0.21119592875318283
1995-02-01,24.12872,12.0,17.271,31.3795,0.692028382219334,9.811317491690907,25.429391045426474,-0.22067544492812008
1995-03-01,24.29456,12.0,17.23652173913043,31.5865,0.6873137074822067,9.737821455882978,25.174449812130952,0.5468777355823962
1995-04-01,24.46039,12.0,18.824,31.4073,0.6825807917492543,9.665422675901269,24.71337981512449,0.050650815191422005
1995-05-01,24.87497,12.0,18.67782608695652,31.4179,1.6949034745562086,10.294098737613243,13.744165950573972,0.1354564403959868
1995-06-01,25.37247,12.0,17.35318181818182,31.4037,2.0000024120631954,10.469311721712348,1.4482355442176686,0.06117669550256277
1995-07-01,25.95289,12.0,16.08095238095238,31.3853,2.2875975417450567,11.387897453857509,-11.276338605433233,0.02836526816334395
1995-08-01,26.11872,12.0,16.25521739130435,31.5923,0.6389654485492668,10.915475462995005,-3.886989382760464,0.6999716313865312
1995-09-01,26.28455,12.0,16.69190476190476,33.3098,0.6349086019529215,10.069443135816325,4.073091897946646,6.175830270652782
1995-10-01,26.45039,12.0,16.19363636363636,34.6564,0.630940990049278,10.380634389257715,-2.1588849335778204,10.467095490969825
1995-11-01,26.61622,12.0,16.91045454545455,34.71,0.6269472775259688,10.309291168366986,-2.892119756727818,10.562527871567816
1995-12-01,26.28455,12.0,18.23619047619048,34.9663,-1.2461198472209722,9.688564275844858,13.682295904392184,11.39524807737644
1996-01-01,26.11872,12.0,18.13521739130435,35.8117,-0.6309029448858694,8.996535893625502,8.89346942020679,14.14596986000969
1996-02-01,26.20164,12.0,17.84619047619048,36.5945,0.3174734443341931,8.591089788434703,3.3303831636296577,16.619130323937583
1996-03-01,26.45039,12.0,19.80952380952381,34.4852,0.9493680548240402,8.87371493865292,14.927617702312524,9.177021828945907
1996-04-01,26.86497,12.0,21.20045454545455,34.3195,1.5673870971278703,9.830505564302117,12.624599157748362,9.272366615404692
1996-05-01,27.19664,12.0,19.31913043478261,35.025,1.2345816876028426,9.333357989979474,3.4335063665355436,11.481034696781123
1996-06-01,27.61122,12.0,18.5775,35.0995,1.524379482171323,8.823539844563811,7.055295072949663,11.768676939341539
1996-07-01,28.10872,12.0,19.71478260869565,35.6673,1.801803759486198,8.30670495655783,22.59710831584505,13.643329839128505
1996-08-01,28.44038,12.0,20.60590909090909,35.8,1.1799185448501337,8.888873574202716,26.7648939714096,13.318751721147226
1996-09-01,28.5233,12.0,23.08142857142857,35.87,0.2915572858027904,8.517360959194665,38.27917724588483,7.686026334592211
1996-10-01,28.68913,12.0,24.27347826086957,35.8036,0.5813843419239628,8.463920569791217,49.89516693963134,3.3102111009799096
1996-11-01,28.93788,12.0,23.10238095238095,35.8392,0.8670531312730656,8.722726217321618,36.615966710313906,3.253241140881591
1996-12-01,29.0208,12.0,24.03636363636364,35.8815,0.2865448332773468,10.410107839015703,31.805837780352086,2.6173773032891923
1997-01-01,29.0208,12.0,23.60565217391304,35.9037,0.0,11.111111111111116,30.164704754141546,0.2568992815197291
1997-02-01,29.0208,12.0,20.9205,35.8905,0.0,10.759479177639264,17.22669904207912,-1.923786361338431
1997-03-01,29.10372,12.0,19.55952380952381,35.8848,0.2857260999007627,10.031345473545006,-1.262019230769229,4.0585526544720585
1997-04-01,29.35247,11.0,17.77545454545455,35.8281,0.854701735723129,9.25926959903547,-16.155313994125343,4.395751686359062
1997-05-01,29.18663,11.0,19.24545454545455,35.8248,-0.5649950413031624,7.3170435759711605,-0.38136234742436326,2.2835117773019498
1997-06-01,29.43538,10.0,17.80380952380952,35.8202,0.8522737979684392,6.606589640008664,-4.164664116218441,2.053305602643918
1997-07-01,29.68413,10.0,18.55652173913043,35.7474,0.8450714752111343,5.6047020284096805,-5.87508821453776,0.22457545146394864
1997-08-01,29.76705,10.0,18.81571428571429,36.0085,0.2793411833191817,4.664740766473585,-8.68777396472451,0.5824022346368807
1997-09-01,29.93288,10.0,18.58181818181818,36.4756,0.5570924898503637,4.9418545539962055,-19.494505618167203,1.688318929467525
1997-10-01,30.26455,9.0,20.13260869565217,36.302,1.1080457343229266,5.49134811686518,-17.059234448046745,1.3920387893954667
1997-11-01,30.34747,9.0,19.309,37.2889,0.2739839184788817,4.871089381806826,-16.419870143254656,4.045012165450124
1997-12-01,30.84496,9.0,17.41782608695652,39.4,1.639312931193282,6.285698533465656,-27.535519305400268,9.805888828504926
1998-01-01,31.83996,11.0,15.51045454545455,39.391,3.225810634865467,9.714273900099247,-34.29347161780437,9.712926522893174
1998-02-01,31.67413,11.0,14.366,39.0079,-0.5208235186225152,9.142856158341605,-31.33051313305132,8.685863947284101
1998-03-01,31.5083,10.5,13.46,39.5686,-0.5235502916733692,8.26210532536733,-31.184418746195984,10.26562778669522
1998-04-01,31.75705,10.0,13.80909090909091,39.7029,0.7894745194123587,8.192087412064474,-22.313711450928263,10.814974838185677
1998-05-01,32.25455,9.0,14.50857142857143,40.4687,1.56658127880267,10.51138826236533,-24.612996828395982,12.962807887273598
1998-06-01,33.08371,9.0,13.05954545454545,42.3668,2.5706760751583957,12.39437031218895,-26.64746588599163,18.27627986443403
1998-07-01,34.07871,9.0,12.52347826086957,42.6118,3.007522433245846,14.804476331292182,-32.511715089034645,19.202515427695445
1998-08-01,34.24454,9.0,12.15285714285714,42.8429,0.4866087947577924,15.041765979497468,-35.41113051400807,18.979963064276497
1998-09-01,34.82496,9.0,13.62636363636364,42.579,1.6949271329093518,16.34349918885185,-26.66829745596865,16.73282961760738
1998-10-01,35.90288,9.0,12.89636363636364,42.3943,3.0952512221119832,18.630146491522282,-35.94290818780611,16.782270949258994
1998-11-01,36.31746,9.0,11.44190476190476,42.4284,1.1547263060790458,19.672117642755715,-40.74315209537128,13.782921995553643
1998-12-01,35.57121,9.0,10.16,42.5909,-2.054796783695767,15.322600515610985,-41.668954843863105,8.098730964467006
1999-01-01,34.82496,9.0,11.18666666666667,42.5453,-2.0979044570032968,9.375011777652965,-27.876603268567635,8.007666725901853
1999-02-01,34.41038,9.0,10.4295,42.5316,-1.1904679861800105,8.638753455896042,-27.401503550048723,9.033298383148015
1999-03-01,34.327459999999995,8.0,12.88521739130435,42.5161,-0.24097379918504025,8.947356728227152,-4.270301699076162,7.449088418594529
1999-04-01,34.41038,8.0,15.50090909090909,42.7968,0.24155588557968066,8.35508965725722,12.251481237656336,7.7926297575239944
1999-05-01,34.74204,8.0,15.67,42.859,0.9638370747431457,7.7120592288529854,8.005120126033848,5.906540116188563
1999-06-01,34.82496,8.0,16.13181818181818,43.2127,0.23867337669289945,5.2631642581802085,23.525112248094416,1.9966105535466516
1999-07-01,35.15663,8.0,19.03227272727273,43.3567,0.9523916179659642,3.1630305255099023,51.972737372334606,1.748107331771931
1999-08-01,35.32246,8.0,20.59772727272727,43.5032,0.4716891237869003,3.147713474907232,69.4887632644774,1.5412121961865255
1999-09-01,35.57121,8.0,23.14954545454545,43.5981,0.7042261495943336,2.142859604145997,69.88791780639127,2.3934333826534315
1999-10-01,36.23454,8.0,22.17857142857143,43.5528,1.8647945909065378,0.923769903695737,71.97538820970371,2.732678685578005
1999-11-01,36.31746,8.0,24.83727272727273,43.458,0.22884242493486084,0.0,117.07288466486072,2.426676471420075
1999-12-01,35.73704,8.0,25.69913043478261,43.5239,-1.598184454529572,0.4661916195709992,152.94419719274225,2.1906087920189554
2000-01-01,35.73704,8.0,25.63333333333333,43.5895,0.0,2.6190410556107047,129.14183551847427,2.4543251545999345
2000-02-01,35.65413,8.0,28.03047619047619,43.654,-0.2320001880401934,3.6144616827829212,168.7614573131616,2.638979017953713
2000-03-01,35.98579,8.0,27.49434782608696,43.6383,0.9302148166285384,4.8309137932139645,113.37899851531921,2.6394706946309743
2000-04-01,36.31746,7.0,23.1535,43.6847,0.9216693589330527,5.542164893267643,49.368658729693294,2.074687827127275
2000-05-01,36.48329,7.0,27.80521739130435,44.0759,0.4566123291661839,5.011939425548961,77.44235731527984,2.8393102965537986
2000-06-01,36.64912,7.0,30.48318181818182,44.7605,0.45453685783274356,5.238082111221387,88.96308819385746,3.5818173823898958
2000-07-01,36.89788,8.0,28.89428571428571,44.8405,0.6787611817145933,4.952835354241869,51.81731645155014,3.422308432145438
2000-08-01,36.73204,8.0,31.62913043478261,45.7687,-0.4494567167544705,3.990605410834913,53.55640948145592,5.2076628845694195
2000-09-01,36.81496,8.0,33.36047619047619,45.968,0.2257429753425022,3.496507428338802,44.108558226251525,5.435787339356524
2000-10-01,37.22954,8.0,31.30272727272727,46.4252,1.1261182953886228,2.7459987073107595,41.13951105255451,6.595213166547276
2000-11-01,37.31246,8.0,32.88090909090909,46.8214,0.22272636191584816,2.739729044927719,32.385344606712785,7.739426572782904
2000-12-01,36.98079,8.0,25.47571428571429,46.7845,-0.8888987753688737,3.4802826423229183,-0.8693529519813503,7.491516155491595
2001-01-01,36.89788,8.0,25.79,46.6138,-0.2241974819899739,3.248282454282725,0.6111833550065171,6.938138771951952
2001-02-01,36.73204,7.5,27.8965,46.5616,-0.4494567167544705,3.0232402249052104,-0.4779661592824169,6.660558024465102
2001-03-01,36.89788,7.0,25.03454545454545,46.6532,0.4514859506850266,2.5345837898792745,-8.946574718195777,6.908839253591448
2001-04-01,37.14663,7.0,26.01809523809524,46.7886,0.6741579733036129,2.283116715761513,12.372190978017317,7.105233640153186
2001-05-01,37.39537,7.0,28.43826086956522,46.9473,0.6696165977909674,2.499993832793046,2.2767075306479923,6.514671282946005
2001-06-01,37.89288,7.0,28.00380952380952,47.0424,1.3304053416238304,3.3936967654339067,-8.133574471197324,5.0980216932339895
2001-07-01,38.39037,7.0,24.99136363636364,47.1781,1.312885164706401,4.044920737993607,-13.507591488902648,5.213144367257283
2001-08-01,38.63912,7.0,25.73608695652174,47.1665,0.6479489517813963,5.191870639365526,-18.631696152418662,3.0540522234627554
2001-09-01,38.55621,7.0,25.837,47.7511,-0.21457528018236083,4.729734868651225,-22.55206474727722,3.8790027845457598
2001-10-01,38.80495,6.5,21.03260869565217,48.0514,0.645136023483639,4.231612853664046,-32.80902167915259,3.5028389753840594
2001-11-01,39.13662,6.5,19.10545454545455,48.043,0.8547105459483895,4.888876262781916,-41.8949929497636,2.609063377002818
2001-12-01,38.88787,6.5,18.68142857142857,47.9345,-0.6355939782229592,5.156947701766246,-26.669657376773415,2.458079064647478
2002-01-01,38.72204,6.5,20.03304347826087,48.3533,-0.4264311724967218,4.943807069674455,-22.32243707537468,3.731727514169614
2002-02-01,38.63912,6.5,20.545,48.7168,-0.2141416103077276,5.191870639365526,-26.352768268420768,4.628706917288072
2002-03-01,38.80495,6.5,24.00095238095238,48.7667,0.4291764408713261,5.16850832622362,-4.128667226931437,4.53023586806478
2002-04-01,38.88787,6.5,25.94545454545455,48.9386,0.2136840789641603,4.687477706591414,-0.2791929692621431,4.595136422119905
2002-05-01,39.13662,6.5,25.5495652173913,49.0168,0.639659616224808,4.656325101209058,-10.157778864970668,4.408134227101468
2002-06-01,39.46829,6.5,24.368,48.984,0.847467154802839,4.157535663691969,-12.983267582641812,4.127340441814198
2002-07-01,39.88287,6.5,25.85782608695652,48.7877,1.0504128757541586,3.887693710688378,3.467047509693044,3.4117524868530147
2002-08-01,40.13162,6.5,26.62,48.615,0.6237013534883484,3.862665609361704,3.434527731319581,3.0710355866981898
2002-09-01,40.21454,6.5,28.37095238095238,48.4625,0.20662011650662837,4.301071085565722,9.807455900268547,1.4898086117387743
2002-10-01,40.38037,6.5,27.52260869565217,48.3882,0.4123632894967866,4.05984288086958,30.856847545219644,0.7009161023403987
2002-11-01,40.5462,6.25,24.25047619047619,48.2853,0.4106698378444795,3.6016906927578196,26.929595591567377,0.5043398622067707
2002-12-01,40.13162,6.25,28.31727272727273,48.1495,-1.0224879273520115,3.198298081124018,51.579803541262635,0.44852872148453127
2003-01-01,40.04871,6.25,30.80869565217391,47.9571,-0.2065951984993375,3.4261366394952253,53.78939144022918,-0.8193856468948324
2003-02-01,40.13162,6.25,32.6625,47.7474,0.20702289786611594,3.862665609361704,58.980287174495,-1.9898679716237488
2003-03-01,40.38037,6.25,30.16809523809524,47.6767,0.6198354315126053,4.05984288086958,25.695408912344764,-2.2351317599919707
2003-04-01,40.87787,6.25,25.035,47.3909,1.2320342780415494,5.11727692979842,-3.509110021023143,-3.1625342776458676
2003-05-01,40.96079,6.0,25.71454545454545,47.11,0.20284814252797823,4.661031024140572,0.6457262021893451,-3.8900948246315625
2003-06-01,41.20954,6.0,27.56666666666667,46.6995,0.60728809185564,4.411769549681521,13.126504705624885,-4.663767760901516
2003-07-01,41.5412,6.0,28.50391304347826,46.22,0.8048136426662467,4.158000665448625,10.233215072385793,-5.263006864435093
2003-08-01,41.37537,6.0,29.71809523809524,45.9557,-0.399194053132812,3.0991771575630267,11.638224034918254,-5.470122390208787
2003-09-01,41.37537,6.0,27.04409090909091,45.8467,0.0,2.886592759733153,-4.676830915102781,-5.397575444931646
2003-10-01,41.70704,6.0,29.43565217391304,45.4036,0.8016121668519283,3.2854329962801243,6.950807241477364,-6.16803270218772
2003-11-01,41.78995,6.0,28.9485,45.5544,0.19879137910530087,3.067488445279709,19.372913639398348,-5.655758584910931
2003-12-01,41.62412,6.0,29.74347826086957,45.5741,-0.396817895211643,3.7190125890756542,5.036521515799941,-5.348757515654368
2004-01-01,41.78995,6.0,30.98181818181818,45.456,0.39839881299592594,4.347805459901211,0.5619274882611158,-5.215286162007282
2004-02-01,41.78995,6.0,30.795,45.2726,0.0,4.132227904081609,-5.717566016073484,-5.183109446797108
2004-03-01,41.78995,6.0,33.42434782608696,44.9693,0.0,3.4907555329483086,10.793696328165359,-5.678664840477632
2004-04-01,41.78995,6.0,33.35772727272727,43.8918,0.0,2.231231715351112,33.24436697714106,-7.383485015055625
2004-05-01,42.12162,6.0,37.58904761904762,45.1755,0.7936597196215978,2.834002957462478,46.178153082628825,-4.10634684780301
2004-06-01,42.45329,6.0,35.43772727272727,45.5027,0.7874103607601102,3.0181118255627304,28.552819610860713,-2.562768337990773
2004-07-01,42.86787,6.0,38.22681818181818,46.0557,0.9765556450395341,3.1936246425235737,34.11077322439606,-0.3554738208567665
2004-08-01,43.28245,6.0,42.22409090909091,46.322,0.9671112653836023,4.609215579220205,42.08209029145446,0.7970719627815592
2004-09-01,43.36537,6.0,43.31590909090909,46.0548,0.19157880388009918,4.809624663175227,60.16773954989325,0.45390398872764415
2004-10-01,43.61412,6.0,49.73619047619048,45.7355,0.5736143840119556,4.572561370934025,68.96581798948054,0.7309993040199636
2004-11-01,43.5312,6.0,43.74863636363636,45.0325,-0.19012191464599093,4.166671651916309,51.12574524979312,-1.145663207066716
2004-12-01,43.19954,6.0,39.96565217391304,43.847,-0.761890322343517,3.78487280932307,34.367782487940346,-3.7896524561099376
2005-01-01,43.61412,6.0,44.1747619047619,43.615,0.9596861448061711,4.365092564121276,42.58285826067516,-4.050070397747274
2005-02-01,43.5312,6.0,45.721,43.5758,-0.19012191464599093,4.166671651916309,48.46890729014448,-3.747962343669231
2005-03-01,43.5312,6.0,53.22913043478261,43.5861,0.0,4.166671651916309,59.252562568291786,-3.0758762088802682
2005-04-01,43.86287,6.0,52.60428571428571,43.6419,0.7619132943727847,4.960331371537907,57.6974512807835,-0.5693546402744998
2005-05-01,43.69703,6.0,49.28545454545455,43.4095,-0.37808743477114604,3.7401457968615492,31.116529061725863,-3.909198570021355
2005-06-01,43.86287,6.0,54.83909090909091,43.5245,0.37952236113072413,3.3203080373747307,54.747764965432346,-4.34743432807283
2005-07-01,44.60912,6.0,57.62571428571429,43.434,1.7013250614927866,4.061899973103378,50.746823896326276,-5.692455005569352
2005-08-01,44.77495,6.0,63.9504347826087,43.55,0.3717401284759614,3.448279845526314,51.454852918668934,-5.984197573507199
2005-09-01,44.94078,6.0,63.26136363636364,43.8462,0.3703633393225436,3.6328757254924904,46.04648722388376,-4.795591339013516
2005-10-01,45.43828,6.0,58.90857142857143,44.7575,1.1070123838527124,4.182498695376635,18.44206575646745,-2.138382656798332
2005-11-01,45.85286,6.0,55.44954545454545,45.6315,0.9124024941084885,5.333324144521634,26.745768699284135,1.3301504468994807
2005-12-01,45.60411,6.0,57.15681818181818,45.5633,-0.5424961496403924,5.566193528912566,43.014851685884416,3.914292882067172
2006-01-01,45.5212,6.0,63.31181818181818,44.201,-0.18180378917601603,4.372620610022637,43.32124374165187,1.3435744583285558
2006-02-01,45.5212,6.0,60.8055,44.23,0.0,4.571433822178128,32.99249797685966,1.5012920015237796
2006-03-01,45.5212,6.0,62.74695652173913,44.3378,0.0,4.571433822178128,17.880859614300746,1.724632394272474
2006-04-01,45.90373,6.0,70.34,44.8245,0.8403337346115647,4.652819115575424,33.71534095538118,2.7097811965106855
2006-05-01,46.28626,6.0,70.51,45.1959,0.8333309733217664,5.925414152861186,43.06452207916773,4.115228233451207
2006-06-01,47.05132,6.0,69.23272727272727,45.8886,1.6528879196547663,7.269132184008931,26.247036785305756,5.431653436570194
2006-07-01,47.43385,6.0,74.04095238095238,46.3675,0.8130058837881649,6.33218050479365,28.48596030211379,6.7539254961551
2006-08-01,47.43385,6.0,73.5004347826087,46.4461,0.0,5.938365090301612,14.933440300232515,6.650057405281307
2006-09-01,47.81638,6.0,62.52714285714286,46.0105,0.8064494026944979,6.398642836194668,-1.1606148476994482,4.936117611104263
2006-10-01,48.58145,6.0,58.75818181818182,45.3552,1.6000165633617502,6.917449340071857,-0.2552932565542898,1.3354186449198613
2006-11-01,48.58145,6.0,59.22272727272727,44.7257,0.0,5.950752035968954,6.804711900253313,-1.9850322693753197
2006-12-01,48.58145,6.0,62.26047619047619,44.4835,0.0,6.528665946994683,8.92921994436966,-2.3698898016605408
2007-01-01,48.58145,6.0,54.50304347826087,44.2062,0.0,6.722691844678952,-13.913318171119915,0.011764439718553454
2007-02-01,48.96398,6.0,57.9695,44.0195,0.7873993057020856,7.5630255792905166,-4.664051771632504,-0.4759213203707757
2007-03-01,48.58145,6.0,62.35727272727273,43.7936,-0.7812477662150874,6.722691844678952,-0.6210401524915254,-1.2273951346255418
2007-04-01,48.96398,6.0,67.69047619047619,42.0176,0.7873993057020856,6.666669571296269,-3.7667384269602144,-6.261977266896446
2007-05-01,49.34651,6.0,67.71782608695652,40.5686,0.7812477662150874,6.611573283302663,-3.9599686754268726,-10.238318077524722
2007-06-01,49.72904,6.0,70.61904761904762,40.5905,0.7751915991627278,5.691062439906047,2.002406088755171,-11.545569052008553
2007-07-01,50.4941,6.0,76.13318181818182,40.2738,1.5384572072977942,6.4516163035469365,2.825773264590925,-13.142179328193237
2007-08-01,50.87663,6.0,71.31304347826087,40.6791,0.7575736571203251,7.258065706241434,-2.976024986542547,-12.416543046671313
2007-09-01,50.87663,6.0,76.772,40.1735,0.0,6.4000035134403666,22.781877584591825,-12.686234663826745
2007-10-01,51.25916,6.0,82.50739130434783,39.3661,0.751877630259723,5.511795139914533,40.41855746941643,-13.204880587010969
2007-11-01,51.25916,6.0,92.73136363636364,39.3267,0.0,5.511795139914533,56.58070458208613,-12.071359419751959
2007-12-01,51.25916,6.0,91.5195238095238,39.375,0.0,5.511795139914533,46.99457731343739,-11.484033405644789
2008-01-01,51.25916,6.0,92.09173913043476,39.2676,0.0,5.511795139914533,68.96623244015088,-11.171736091317507
2008-02-01,51.6417,6.0,94.72238095238096,39.6735,0.7462861272014676,5.468754786681962,63.40037597767958,-9.872897238723755
2008-03-01,52.40676,6.0,103.1619047619048,40.1452,1.4814771783268066,7.874013641009081,65.43684521466515,-8.330897665412284
2008-04-01,52.78929,6.0,110.0331818181818,39.9668,0.7299249180831024,7.812498085327224,62.553416685319576,-4.880811850272271
2008-05-01,53.17182,6.0,123.8622727272727,42.0019,0.7246356221119798,7.751936256485004,82.90940493013028,3.533028006882155
2008-06-01,53.55435,6.0,132.7604761904762,42.7633,0.719422430904193,7.692306145463501,87.99527983816589,5.352976681735888
2008-07-01,54.70195,6.0,133.5852173913043,42.7027,2.1428698135632196,8.33334983691163,75.46254366503045,6.030968023876571
2008-08-01,55.46701,6.0,113.8004761904762,42.9057,1.3985973077742297,9.02257087389633,59.57876797835342,5.473572424168682
2008-09-01,55.84954,6.0,98.75545454545455,45.53,0.6896531830361763,9.77444850415603,28.63472951786399,13.333416306769408
2008-10-01,56.6146,6.0,71.96347826086956,48.6155,1.3698590892601947,10.447771676320873,-12.77935573624498,23.49585049065057
2008-11-01,56.6146,6.0,52.7135,48.8517,0.0,10.447771676320873,-43.1546157277375,24.220186285653256
2008-12-01,56.23206999999999,6.0,40.51173913043478,48.5132,-0.675673766131013,9.701505057827697,-55.73432045521744,23.208126984126977
2009-01-01,56.6146,6.0,43.17454545454545,48.6995,0.6802701732303573,10.447771676320873,-53.117895413621305,24.019547922460237
2009-02-01,56.6146,6.0,42.9105,49.2484,0.0,9.6296210233203,-54.69866828878377,24.134245781188945
2009-03-01,56.6146,6.0,46.58272727272727,51.1291,0.0,8.029193180421768,-54.84502987780316,27.36043163317159
2009-04-01,57.37966,6.0,50.51909090909091,49.9655,1.3513475322620039,8.695646408580227,-54.08740338658172,25.017514537065754
2009-05-01,57.76219,6.0,57.50142857142857,48.51,0.6666648077036319,8.633087977804777,-53.57631722288947,15.494775236358361
2009-06-01,58.52726,6.0,68.58,47.6736,1.3245169547761337,9.285725622661833,-48.34305964554856,11.482509535045239
2009-07-01,61.20497,6.0,64.90434782608696,48.3624,4.575150109538706,11.888095396964848,-51.41352531847443,13.253728686944854
2009-08-01,61.97004,6.0,72.59190476190476,48.2426,1.250012866602157,11.724140169084274,-36.21124691921116,12.438673649421862
2009-09-01,62.35256999999999,6.0,67.51318181818182,48.2924,0.6172821576361676,11.643838069212386,-31.63599709106977,6.067208433999549
2009-10-01,63.117630000000005,6.0,72.96863636363636,46.6524,1.226990322932986,11.486489350803497,1.3967614226803704,-4.038012568008142
2009-11-01,64.26522,6.0,76.93666666666667,46.5305,1.8181766330579885,13.51351064919648,45.9524916134703,-4.751523488435405
2009-12-01,64.64775,6.0,74.7895652173913,46.5273,0.5952364280399358,14.96597937795996,84.61208238084504,-4.093525061220449
2010-01-01,65.79535,6.0,76.60238095238095,45.8944,1.775158454857273,16.216223377008742,77.42486955196466,-5.7600180700007275
2010-02-01,65.03028,6.0,73.903,46.2732,-1.162802538477259,14.864858181458484,72.22591207280271,-6.041211491134724
2010-03-01,65.03028,6.0,79.51913043478261,45.4509,0.0,14.864858181458484,70.70518428262696,-11.105613046190921
2010-04-01,65.03028,6.0,85.15636363636364,44.444,0.0,13.333331009629546,68.56273955840275,-11.050624931202524
2010-05-01,65.79535,6.0,76.13238095238096,45.769,1.1764827092855645,13.907298182426953,32.40085132460477,-5.650381364667078
2010-06-01,66.56041,6.0,75.24636363636364,46.4983,1.1627873398348143,13.725484500726681,9.720565232376256,-2.465305745737678
2010-07-01,68.09053,6.0,75.195,46.7617,2.298844012529355,11.250001429622468,15.855104501607698,-3.309802656609273
2010-08-01,68.09053,6.0,76.89181818181818,46.4605,0.0,9.876530659008775,5.92340624483787,-3.694038049358861
2010-09-01,68.47306,6.0,77.93818181818182,45.8729,0.5617961851670072,9.815938621295018,15.441428946535684,-5.010105109706697
2010-10-01,69.23813,6.0,83.33857142857143,44.354,1.1173299396872283,9.696973729843773,14.211496310903904,-4.926649004124117
2010-11-01,69.62066,6.0,85.80090909090909,44.9315,0.5524845919437693,8.333341113591452,11.52147969010322,-3.4364556581167216
2010-12-01,70.76825,6.0,91.96,45.1,1.6483469131145734,9.467460197764034,22.95832945772487,-3.0676613515076
2011-01-01,71.91584,6.0,96.95238095238096,45.375,1.6216170387143958,9.302313917320904,26.5657538930159,-1.1317284897503832
2011-02-01,70.76825,6.0,104.2385,45.3795,-1.5957402430396561,8.823535743656642,41.04772472024138,-1.9313555146391437
2011-03-01,70.76825,6.0,114.9173913043478,44.9143,0.0,8.823535743656642,44.51540236421092,-1.180614685297765
2011-04-01,71.15078000000001,6.0,123.3257142857143,44.301,0.5405390129048282,9.411769409573512,44.822663884923706,-0.32175321753217245
2011-05-01,71.53331,6.0,114.9295454545455,44.9024,0.5376328973484057,8.720920247403496,50.96013551241918,-1.8934213113679488
2011-06-01,72.29838000000002,6.0,114.37045454545452,44.8109,1.069529705811223,8.620695094876996,51.994659965446786,-3.628949875586862
2011-07-01,73.8285,6.0,117.48333333333332,44.396,2.116395969038276,8.42697215016539,56.23822505929028,-5.05905473924172
2011-08-01,74.21103000000002,6.0,110.3547826086957,45.3135,0.5181332412280026,8.98876833533242,43.51953851286372,-2.468763788594619
2011-09-01,75.35862,6.0,111.96272727272732,47.6905,1.5463873766473624,10.055867227198556,43.655811132366054,3.962252222990048
2011-10-01,75.74115999999998,6.0,110.4295238095238,49.202,0.5076260685240586,9.392266948861817,32.507099553742336,10.930243044595755
2011-11-01,76.12368999999998,6.0,111.1586363636364,50.6785,0.5050490380659634,9.340661234754144,29.554147550884235,12.790581218076413
2011-12-01,75.35862,6.0,108.3477272727273,52.3824,-1.0050353575870807,6.486482285488204,17.820495076910948,16.147228381374724
2012-01-01,75.74115999999998,6.0,111.415,51.0015,0.5076260685240586,5.319161953750351,14.917239685658146,12.400000000000011
2012-02-01,76.12368999999998,7.75,119.1657142857143,49.1812,0.5050490380659634,7.567574441928393,14.320250469561913,8.377571370332415
2012-03-01,76.88875,9.5,124.7031818181818,50.3635,1.0050222210720827,8.648652467738005,8.515500049872582,12.132438889173391
2012-04-01,78.41887,9.25,120.47,51.69,1.9900440571605005,10.215053158939359,-2.3155870632935005,16.679081736303903
2012-05-01,78.8014,9.0,110.8221739130435,54.3314,0.48780350953794294,10.160427358946489,-3.5738169199724723,20.99887756556442
2012-06-01,79.56646999999998,9.0,95.88904761904762,55.9424,0.9708837660244329,10.052908516069037,-16.15924934447278,24.84105429705721
2012-07-01,81.09659,9.0,102.9795454545455,55.4248,1.9230713641060326,9.844558673141135,-12.345400379163983,24.841877646634813
2012-08-01,81.86164999999998,9.0,113.78043478260868,55.4935,0.9433935508262214,10.309276127820844,3.1042172282282676,22.465711101548113
2012-09-01,82.24418,9.0,113.6415,54.35,0.46728840672038974,9.137056915320363,1.4994032104839627,13.963997022467801
2012-10-01,83.00924999999998,9.0,111.7926086956522,53.0995,0.9302421156123009,9.595958128975045,1.2343482423047947,7.92142595829437
2012-11-01,83.39178000000001,9.0,109.9118181818182,54.7845,0.4608281607170639,9.547737373214616,-1.1216566005177064,8.102055112128426
2012-12-01,83.77431,9.0,109.5690476190476,54.647,0.45871427615526983,11.167521379770484,1.1272228565035292,4.323207794984585
2013-01-01,84.53936999999999,9.0,112.52782608695648,54.229,0.913239392840115,11.616154281238922,0.9988117281842346,6.328245247688802
2013-02-01,85.30443000000001,8.75,116.488,53.8079,0.904974806412695,12.060292925894721,-2.2470509254819304,9.407456507771261
2013-03-01,85.68696,8.65,109.5857142857143,54.4229,0.4484292316354388,11.442779340280595,-12.122760070796657,8.060202329067678
2013-04-01,86.45203000000002,8.5,102.96,54.3236,0.8928663124470937,10.243911956395223,-14.534738939154979,5.094989359644031
2013-05-01,87.21709,8.25,102.9804347826087,54.9845,0.884953193117588,10.679619905230098,-7.075965804991169,1.2020673128246173
2013-06-01,88.36468,8.25,103.3585,58.3835,1.3157857020911878,11.057685479825906,7.789682519975982,4.363595412424215
2013-07-01,89.89480999999996,9.25,107.77956521739128,59.7609,1.7316081493193414,10.84906282742586,4.661139007420134,7.823393138089818
2013-08-01,90.65987,10.25,111.0581818181818,62.8109,0.8510613682814805,10.747670001765197,-2.392549272313893,13.18604881652805
2013-09-01,91.0424,9.875,111.9628571428571,63.648,0.4219397182016804,10.69768097876349,-1.4771389476053165,17.10763569457221
2013-10-01,92.18999,9.125,109.6186956521739,61.6059,1.260500601917336,11.059899950909102,-1.9445946103616163,16.01973653235906
2013-11-01,92.95506,8.75,108.1504761904762,62.5179,0.829884025369787,11.46789287865062,-1.60250464461279,14.11603647016948
2013-12-01,91.42493,8.75,111.0704545454545,61.811,-1.6460965115831283,9.132417802068439,1.3702838155781327,13.109594305268368
2014-01-01,90.65987,8.8,107.9269565217391,62.1057,-0.8368177038801217,7.239822108918026,-4.0886505366788395,14.524885209020999
2014-02-01,91.0424,9.0,108.838,62.1642,0.4219397182016804,6.72646191997297,-6.567200054941291,15.529875724568342
2014-03-01,91.42493,9.0,107.8680952380952,60.9476,0.42016686730579345,6.696433156223547,-1.5673749619780741,11.988887031010842
2014-04-01,92.57253,9.0,108.0036363636364,60.3464,1.2552374937558008,7.079648679157646,4.898636716818583,11.086894093911305
2014-05-01,93.33759,9.0,109.8322727272727,59.2843,0.8264438705521071,7.017546675771924,6.653533711649406,7.8200220062017545
2014-06-01,94.10265,9.0,112.2409523809524,59.7367,0.8196697600612923,6.493510755654852,8.593828645880496,2.3177781393715735
2014-07-01,96.39783,9.0,107.4626086956522,60.0956,2.439017392177578,7.234032754505004,-0.2940784935435481,0.5600651931279454
2014-08-01,96.78036,9.0,102.4019047619048,60.8738,0.3968242853599424,6.751046521465343,-7.794362301418333,-3.084018856599724
2014-09-01,96.78036,9.0,97.85272727272728,60.8976,0.0,6.302513993479963,-12.60250964489611,-4.321266968325799
2014-10-01,96.78036,9.0,87.58478260869565,61.3668,0.0,4.9792499163954895,-20.100506498812077,-0.38811217756741234
2014-11-01,96.78036,9.0,79.2295,61.6828,0.0,4.1152143842411615,-26.741422885221656,-1.3357774333430883
2014-12-01,96.78036,9.0,62.90391304347826,62.7071,0.0,5.85773486509642,-43.36575527586821,1.4497419553153978
2015-01-01,97.1629,8.85,48.93318181818182,62.13,0.39526614697444895,7.172997269905634,-54.66083414635574,0.03912684342983752
2015-02-01,96.78036,8.75,58.254,61.9905,-0.3937099448451997,6.302513993479963,-46.47641448758706,-0.279421274624303
2015-03-01,97.1629,8.5,56.52454545454545,62.4805,0.39526614697444895,6.27615465497211,-47.598457792566094,2.5151113415458504
2015-04-01,97.92796,8.5,59.82636363636364,62.6414,0.7873993057020856,5.785117896205283,-44.60708393656782,3.803043760688274
2015-05-01,98.69302,8.5,65.19380952380952,63.715,0.7812477662150874,5.737699034226185,-40.64239234519537,7.473648166546631
2015-06-01,99.84061,8.25,62.62,63.7809,1.1627873987440918,6.09755410713726,-44.20931160004413,6.770042536665066
2015-07-01,100.6057,8.25,56.8295652173913,63.6045,0.7663114237783653,4.365108633669457,-47.1168940460585,5.8388634109652005
2015-08-01,100.9882,8.25,47.53380952380952,65.0971,0.3801971458873732,4.347824289969582,-53.58112758319229,6.93779589905672
2015-09-01,101.7533,8.25,48.03045454545455,66.1667,0.7576132657082679,5.138377249268333,-50.91556885114922,8.65239352618168
2015-10-01,102.9009,7.75,48.90636363636364,65.0262,1.1278258297273913,6.324155024841804,-44.161117742492294,5.96315923267956
2015-11-01,103.2834,7.75,45.0952380952381,66.1,0.3717168654501668,6.719379841116524,-43.082768293075056,7.161153514431895
2015-12-01,102.9009,7.75,38.52521739130435,66.5023,-0.37034024828772605,6.324155024841804,-38.75545172416176,6.05226521398694
2016-01-01,102.9009,7.75,32.0452380952381,67.3332,0.0,5.905546252736382,-34.512253435088844,8.374698213423471
2016-02-01,102.1358,7.75,33.76238095238095,68.2395,-0.7435309117801547,5.533602065543053,-42.04281087585239,10.08057686258379
2016-03-01,102.5183,7.75,39.79217391304348,66.8909,0.3745013991176327,5.511774555926174,-29.601956825919828,7.058842358815953
2016-04-01,103.6659,7.15,43.33047619047619,66.4219,1.119409900476298,5.859348035024925,-27.572940160884063,6.035146085496157
2016-05-01,105.196,7.0,47.735,66.8895,1.475991623089179,6.58909819559681,-26.779857859714983,4.982343247273002
2016-06-01,105.9611,7.0,49.87727272727273,67.2655,0.7273090231567858,6.130261023044636,-20.349292993815503,5.46339107789322
2016-07-01,107.1087,7.0,46.59857142857143,67.158,1.0830389642991545,6.463848469818312,-18.00294221798643,5.586868853618854
2016-08-01,106.3436,7.0,47.05217391304348,66.9035,-0.7143210588869131,5.302995795548382,-1.0132484974190614,2.774931602175812
2016-09-01,105.9611,7.0,47.37681818181818,66.7138,-0.35968314031120663,4.135295857726495,-1.3608789877634697,0.826850968840831
2016-10-01,106.3436,6.75,51.41380952380952,66.7415,0.3609815300143149,3.3456461508111213,5.127033991097019,2.6378598165047284
2016-11-01,105.9611,6.75,46.94227272727273,67.6395,-0.35968314031120663,2.592575379973927,4.095852932706134,2.3290468986384427
2016-12-01,105.196,6.75,55.02272727272727,67.8052,-0.7220574342848507,2.230398373580811,42.822626317344614,1.9591803591755275
2017-01-01,104.8135,6.75,55.71090909090909,68.0474,-0.3636069812540388,1.858681508130644,73.85081966105815,1.060695169693382
2017-02-01,104.8135,6.75,56.096,66.9726,0.0,2.6217056115485526,66.14941961326355,-1.8565493592420879
2017-03-01,105.196,6.75,52.65521739130435,65.8009,0.3649339064147217,2.6119239199245525,32.32556106728437,-1.6295191124652275
2017-04-01,105.9611,6.5,53.978,64.536,0.7273090231567858,2.2140356665017125,24.572828977734808,-2.839274395944702
2017-05-01,106.3436,6.5,51.37434782608696,64.4195,0.3609815300143149,1.0909160044108024,7.6240658344756795,-3.692657292998147
2017-06-01,107.1087,6.5,47.65272727272727,64.4482,0.7194603154303536,1.0830389642991545,-4.460038275767808,-4.188328340679847
2017-07-01,109.0214,6.5,49.25333333333333,64.424,1.785755965668523,1.785755965668523,5.697088608888468,-4.0709967539235725
2017-08-01,109.0214,6.25,51.92782608695652,63.9683,0.0,2.518064086602312,10.36222509702458,-4.387214420770203
2017-09-01,109.0214,6.25,55.55761904761905,64.4775,0.0,2.8881353628831707,17.267518545473813,-3.352080079383879
2017-10-01,109.7864,6.25,57.53636363636364,65.0357,0.7016970980009418,3.2374303672247473,11.90838447736262,-2.5558310796131245
2017-11-01,110.169,6.25,62.83636363636364,64.8435,0.34849489554260593,3.971174327182325,33.85880142922157,-4.133679285033143
2017-12-01,109.4039,6.25,64.06428571428572,64.2445,-0.6944784830578477,4.000057036389215,16.43240691567829,-5.25136715178186
2018-01-01,110.169,6.25,68.88913043478261,63.6452,0.699335215655017,5.109551727592332,23.65465141193315,-6.4693140369801005
2018-02-01,109.7864,6.25,65.6965,64.43,-0.3472846263467888,4.744522413620378,17.114411009697662,-3.7964779626294853
2018-03-01,109.7864,6.25,66.89181818181818,65.0455,0.0,4.363664017643254,27.037398183574712,-1.1480086138639378
2018-04-01,110.169,6.25,71.93285714285715,65.6729,0.34849489554260593,3.971174327182325,33.26328715931888,1.7616524110573906
2018-05-01,110.5515,6.25,76.93434782608696,67.51,0.34719385671106995,3.956890682655101,49.75245639424175,4.797460396308573
2018-06-01,111.3165,6.45,75.80285714285714,67.79,0.691985183376076,3.928532416134267,59.07349165771845,5.185249549250415
2018-07-01,115.1419,6.5,75.22909090909091,68.6867,3.436507615672424,5.614035409561802,52.73908549490576,6.616633552713269
2018-08-01,115.1419,6.75,73.85130434782609,69.6317,0.0,5.614035409561802,42.219133580052585,8.85344772332546
2018-09-01,115.1419,6.75,79.163,72.2779,0.0,5.614035409561802,42.48810758457542,12.097863595827985
2018-10-01,115.5244,6.75,80.78347826086957,73.5609,0.33219879123063123,5.22651257350637,40.40421249321619,13.108492720152153
2018-11-01,115.5244,6.75,66.22863636363635,71.738,0.0,4.8610770724977215,5.398582175925903,10.632522920570286
2018-12-01,115.1419,6.75,57.94809523809524,70.8331,-0.3310988847377683,5.244785606363234,-9.54695804065856,10.255508253624823
2019-01-01,117.437,6.75,59.94478260869565,70.71,1.9932795967410488,6.5971371256887235,-12.98368519044465,11.100287217260686
2019-02-01,117.437,6.5625,64.384,71.1739,0.0,6.968622707366312,-1.997823323921366,10.467018469656985
2019-03-01,118.2021,6.5,66.94190476190477,69.4895,0.6514982501256039,7.665521412488241,0.07487699011325955,6.832140578518109
2019-04-01,119.3497,6.25,71.47590909090908,69.4068,0.9708795359811617,8.333287948515466,-0.6352424609529561,5.685602432662495
2019-05-01,120.1148,6.25,70.38913043478261,69.7827,0.6410573298466726,8.650538436837119,-8.507536069715005,3.366464227521848
2019-06-01,120.8798,6.0,63.2085,69.388,0.6368907078894592,8.591089371297155,-16.61462063246767,2.3572798347838875
2019-07-01,122.0274,6.0,64.32217391304349,68.7391,0.9493728480689079,5.980012488937558,-14.498270368875888,0.07628842264950642
2019-08-01,122.4099,5.72,59.61818181818182,71.1891,0.3134541914356914,6.3122112801681896,-19.272675892911618,2.2366249854592013
2019-09-01,123.175,5.65,62.43095238095238,71.311,0.6250311453567026,6.976695711986669,-21.136196984762602,-1.3377533104863226
2019-10-01,124.3226,5.4,59.63130434782609,71.0086,0.9316825654556604,7.61588028156821,-26.18378704212011,-3.469642160441211
2019-11-01,125.4702,5.4,62.68666666666667,71.4942,0.9230823679684974,8.609263497581466,-5.348093953682021,-0.33984777941954425
2019-12-01,126.2353,5.4,65.34818181818181,71.1567,0.6097862281242872,9.634546589903415,12.770198139699573,0.456848563736445
2020-01-01,126.2353,5.4,63.89869565217391,71.279,0.0,7.4919318443080085,6.5959252355428655,0.8046952340545976
2020-02-01,125.4702,5.4,55.691,71.5295,-0.6060903725027655,6.840433594182427,-13.501801689860827,0.4996213499611546
2020-03-01,124.7051,5.21,33.94727272727273,74.5482,-0.6097862281242872,5.501594303316093,-49.28845713605775,7.279804862605133
2020-04-01,125.8527,4.65,26.84863636363636,76.1682,0.9202510562920097,5.448694047827529,-62.43680324584888,9.741696778989951
2020-05-01,126.2353,4.49,32.42238095238095,75.6575,0.30400619136499163,5.09554193155215,-53.93836981347406,8.418705495774725
2020-06-01,127.0003,4.25,40.86045454545455,75.7077,0.606011155358277,5.063294280764863,-35.35607624693744,9.107770796103075
2020-07-01,128.5304,4.25,43.29565217391304,74.9286,1.2048003036213117,5.329130998447873,-32.68938292968144,9.004336687562109
2020-08-01,129.2955,4.25,45.08142857142857,74.5657,0.5952677343258994,5.625035229993669,-24.383087178146656,4.743141857391109
2020-09-01,130.1179,4.25,41.92681818181818,73.5233,0.6360623532914778,5.636614572762322,-32.84289830150019,3.1023264293026376
2020-10-01,131.6603,4.25,41.60681818181818,73.5648,1.1853864841040451,5.902144903661943,-30.226550237559934,3.5998456524984457
2020-11-01,132.101,2.25,44.05,74.2311,0.33472504619842525,5.28476084361067,-29.729873444645328,3.828142702484949
2020-12-01,130.8891,4.25,50.37695652173913,73.6195,-0.9174041074632155,3.686607470335179,-22.909933956689276,3.4610936145155646
2021-01-01,130.22799999999998,4.25,55.2247619047619,73.1106,-0.5050840749917573,3.162902928103306,-13.574508303937371,2.5696207859257303
2021-02-01,131.1094,4.25,62.3625,72.8053,0.6768129741683948,4.494453663100861,11.979493993643487,1.7835997735200282
2021-03-01,131.7705,4.25,65.79608695652173,72.8196,0.5042353942585454,5.66568648756145,93.81847692189464,-2.3187682599982273
2021-04-01,132.3214,4.25,65.53181818181818,74.5186,0.4180753658823644,5.139897674026872,144.07875802055295,-2.1657332062461676
2021-05-01,132.8723,4.25,68.3752380952381,73.2065,0.4163347727578426,5.257641879886221,110.8890096494192,-3.239599510953961
2021-06-01,134.0842,4.25,73.51272727272728,73.5782,0.912078740264155,5.577860839698823,79.91167276651127,-2.812791829628969
2021-07-01,135.2961,4.25,74.40318181818182,74.539,0.9038350528995931,5.263890877177713,71.84908433602952,-0.5199616701766718
2021-08-01,135.5165,4.25,70.58818181818182,74.1155,0.1629019609582283,4.811459022162423,56.579292305121776,-0.6037628561121444
2021-09-01,135.847,4.25,74.74954545454545,73.6357,0.2438817413377814,4.403006811514798,78.28575765131886,0.15287670711188195
2021-10-01,137.6098,4.25,83.8652380952381,74.92,1.2976363114385991,4.518826100198758,101.56609363579379,1.8421853930140397
2021-11-01,138.4912,4.25,80.89045454545455,74.477,0.64050670809781,4.837359293268029,83.63326798060058,0.33126277261148473
2021-12-01,138.1607,4.25,74.67826086956522,75.3948,-0.2386433217417383,5.5555428221295555,48.238929117004844,2.411453487187498
2022-01-01,137.8302,4.25,85.62238095238095,74.4075,-0.23921419043186898,5.837607887704643,55.04345876590904,1.7738877809784004
2022-02-01,137.72,4.25,94.267,74.9695,-0.07995344996959419,5.042048853857928,51.159751453197046,2.9725857870237293
2022-03-01,138.8218,4.25,112.44,76.1896,0.8000290444379887,5.351197726349977,70.89162167698622,4.627874912798213
2022-04-01,140.6947,4.25,106.1557142857143,76.1719,1.3491396884351081,6.328001366370062,61.991101774690605,2.2186407152039678
2022-05-01,142.127,4.65,112.1136363636364,77.2933,1.0180198685522557,6.965108604276438,63.968184224055236,5.582564389774136
2022-06-01,142.3474,5.03,117.6927272727273,78.09,0.15507257593558865,6.162694784322076,60.098436881677905,6.131979309088842
2022-07-01,143.1186,5.15,105.2528571428571,79.5915,0.5417731549715699,5.7817631106883205,41.46284415639947,6.77833080669179
2022-08-01,143.4492,5.65,97.64304347826088,79.5065,0.23099722887172103,5.8536783343725585,38.32774972128603,7.2737821373396905
2022-09-01,144.6611,5.75,90.60818181818182,80.2538,0.844828691969024,6.488255169418533,21.215696051663425,8.987624209452761
2022-10-01,145.9832,6.15,93.71857142857144,82.2915,0.9139291765374313,6.084886396172373,11.749007761885565,9.839161772557393
2022-11-01,145.9832,6.15,90.93863636363636,81.6805,0.0,5.409730004505708,12.421962362117123,9.672113538407823
2022-12-01,145.7628,6.43,81.50318181818182,82.4738,-0.15097627672225888,5.5023606568293415,9.139100012702706,9.389241698366458
2023-01-01,146.3137,6.5,84.08181818181818,81.741,0.37794279473226666,6.155037139901132,-1.7992524307628877,9.855861304304003
2023-02-01,146.2036,6.69,83.6325,82.5995,-0.07524927604183329,6.160034853325591,-11.281254309567512,10.177472172016632
2023-03-01,146.8646,6.75,79.25652173913043,82.2665,0.452109250387811,5.793614547571058,-29.51216494207538,7.9760229742642075
2023-04-01,147.8562,6.75,83.536,81.9685,0.6751797233642387,5.090099342761301,-21.308051514621383,7.609892887009528
2023-05-01,148.4071,6.75,75.74739130434783,82.2977,0.3725917479280527,4.418653739261358,-32.43695079279741,6.474558596928848
2023-06-01,150.2801,6.75,74.975,82.2252,1.2620689980465727,5.572774774951994,-36.29597874279713,5.295428351901643
2023-07-01,153.9159,6.75,80.10904761904762,82.1565,2.419348935753951,7.54430241771511,-23.888956752672673,3.222705942217452
2023-08-01,153.365,6.75,85.16826086956522,82.8122,-0.3579227357277448,6.912412198882967,-12.77590513805833,4.157773263821207
2023-09-01,151.492,6.75,92.67333333333332,83.07,-1.221269520425139,4.722001975652046,2.2792108545953482,3.5091173252855157
2023-10-01,152.4836,6.75,88.94772727272726,83.2162,0.654556016159269,4.452841148844522,-5.090606998294167,1.1236883517738772
2023-11-01,153.2548,6.75,82.18636363636364,83.266,0.505759307886211,4.981121115306397,-9.624372079074295,1.941099772895627
2023-12-01,152.9243,6.75,77.54095238095238,83.254,-0.21565393057835225,4.913119122300058,-4.861441417181012,0.9459973955365353
2024-01-01,153.0345,,79.11,83.1119,0.07206179789609468,4.59341811463998,-5.913071683425231,1.6771265338080044
2024-02-01,153.365,,81.7957142857143,82.9485,0.21596437404638458,4.898237799890026,-2.196258289882158,0.42252071743773545
2024-03-01,153.0345,,84.96142857142857,83.0214,-0.2154989730381751,4.201080450973227,7.19802825952367,0.917627466830373
2024-04-01,153.5853,,88.97454545454545,83.3968,0.35991884182977607,3.8747783319197815,6.510421201093486,1.7424986427712952
2024-05-01,154.1362,,83.05391304347826,83.3873,0.3586931822251227,3.8603948193853155,9.645905440853175,1.3239738170082394
2024-06-01,155.7889,,82.9175,83.46,1.0722335181482467,3.665688271434475,10.593531177059035,1.501729396827245
2024-07-01,157.2212,,84.0486956521739,83.5895,0.9193851423304311,2.1474714438209475,4.917856534583942,1.7442320449386317
2024-08-01,157.111,,79.01863636363636,83.8855,-0.07009232851550307,2.4425390408502556,-7.220558977183977,1.296065072537611
2024-09-01,157.8822,,73.05761904761906,83.791,0.4908631477108738,4.218176537374929,-21.166514228164445,0.8679426989286254
2024-10-01,159.2043,,75.26652173913043,84.005,0.837396489281228,4.407490379293244,-15.381174936205145,0.9478923574976816
2024-11-01,159.2043,,73.50857142857143,84.3326,0.0,3.8820970044657566,-10.558676432245374,1.2809550116493984
2024-12-01,158.3229,,73.22772727272726,84.9686,-0.5536282625531963,3.530243394934618,-5.562512421867849,2.059480625555521
2025-01-01,157.772,,78.19391304347826,86.2652,-0.34795977082280327,3.0957071771397837,-1.1579913494144112,3.7940415271459083
2025-02-01,157.3313,,75.193,87.0637,-0.27932713028927525,2.5861832882339453,-8.072200778944072,4.961150593440511
2025-03-01,157.5517,,71.74142857142857,86.5214,0.14008655620338928,2.9517527093563922,-15.56000201772233,4.2157805096035394
2025-04-01,,,66.92727272727274,85.5768,0.0,2.5825388237025404,-24.77930358018635,2.614009170615672
2025-05-01,,,64.09272727272727,85.2462,0.0,2.215897368690811,-22.829972816361966,2.229236346541996
2025-06-01,,,69.84666666666666,85.8765,0.0,1.1315311938141948,-15.763660666726976,2.8953989935298408
2025-07-01,,,69.56478260869565,86.1714,0.0,0.2102133808926432,-17.232763615295475,3.0887850746804446
2025-08-01,,,67.24428571428571,87.5695,0.0,0.28050232001579634,-14.900726197255787,4.391700591878234
2025-09-01,,,67.60909090909091,88.3214,0.0,-0.20933328772971826,-7.457850679443567,5.406785931663305
2025-10-01,,,63.98130434782609,88.3691,0.0,-1.038037289193805,-14.993674651817013,5.1950479138146655
2025-11-01,,,63.6935,88.8444,0.0,-1.038037289193805,-13.35228156094528,5.350006996108259
2025-12-01,,,61.81090909090909,90.035,0.0,-0.4871057819178404,-15.590840528612471,5.962673269890284
2026-01-01,,,64.59409090909091,90.9025,0.0,-0.13963187384326003,-17.39243069575688,5.375632352327497
2026-02-01,,,69.4095,90.7458,0.0,0.14008655620338928,-7.691540435944844,4.2292022967092
2026-03-01,,,99.405,92.8182,0.0,0.0,38.5601067325116,7.277737068517154
2026-04-01,,,102.8136363636364,93.4805,0.0,0.0,53.619940233632214,9.235797552607705
2026-05-01,,,103.842380952381,95.5335,0.0,0.0,62.01897683415947,12.067751993637255
2026-06-01,,,84.48772727272727,94.96,0.0,0.0,20.96171700781799,10.577398939174287
